-4.84847e-05,-0.0628935,-5.10932e-05,-2.18371,0.000230219,2.11945,-4.85302e-05,-1.97243e-05
-0.000242555,-0.0619267,-0.000256103,-2.18688,0.00112483,2.11615,-0.000268347,-6.62572e-05
-0.000660607,-0.0597631,-0.00070152,-2.19369,0.00296037,2.11006,-0.000818835,-0.000105096
-0.00133885,-0.0560445,-0.00143775,-2.20469,0.00574244,2.10244,-0.00186414,-0.000113332
-0.00226867,-0.0505289,-0.00248059,-2.21979,0.00924295,2.09587,-0.00354212,-0.000100045
-0.00340342,-0.0430834,-0.00381934,-2.23838,0.0131116,2.09344,-0.0059413,-7.9434e-05
-0.00466985,-0.0336772,-0.00542557,-2.25955,0.0169982,2.09784,-0.00908734,-5.49717e-05
-0.00598183,-0.0223695,-0.00726021,-2.28227,0.0206406,2.11067,-0.012941,-2.78349e-05
-0.00725415,-0.00929454,-0.00927833,-2.30548,0.0238987,2.13223,-0.0174078,-2.83797e-06
-0.00841424,0.00535696,-0.0114312,-2.32822,0.0267424,2.16162,-0.0223561,1.62779e-05
-0.0094104,0.0213539,-0.0136667,-2.34969,0.0292127,2.19709,-0.0276358,2.99401e-05
-0.0102158,0.0384399,-0.0159287,-2.36929,0.0313798,2.23658,-0.0330947,3.99724e-05
-0.0108287,0.056346,-0.0181583,-2.38662,0.0333099,2.27802,-0.038589,4.71567e-05
-0.0112682,0.0748035,-0.0202957,-2.40146,0.0350487,2.31962,-0.0439907,5.1822e-05
-0.0115691,0.0935547,-0.0222848,-2.41374,0.0366177,2.36004,-0.0491907,5.46373e-05
-0.0117734,0.112362,-0.0240772,-2.42353,0.0380197,2.39834,-0.0540996,5.61441e-05
-0.0119241,0.131014,-0.025637,-2.43099,0.0392475,2.43396,-0.0586473,5.63334e-05
-0.0120589,0.149331,-0.0269434,-2.43633,0.0402926,2.46667,-0.0627833,5.50035e-05
-0.0122068,0.167162,-0.0279908,-2.43979,0.0411507,2.49642,-0.0664753,5.21798e-05
-0.0123867,0.184389,-0.0287881,-2.44164,0.0418248,2.52331,-0.0697086,4.81032e-05
-0.0126081,0.200921,-0.0293551,-2.44213,0.042325,2.54753,-0.0724845,4.30747e-05
-0.0128723,0.216694,-0.0297197,-2.44151,0.0426671,2.56928,-0.0748181,3.74336e-05
-0.0131751,0.231663,-0.0299136,-2.44001,0.0428707,2.58879,-0.0767364,3.15678e-05
-0.0135086,0.245806,-0.0299695,-2.43782,0.0429569,2.60628,-0.0782745,2.58482e-05
-0.0138632,0.259114,-0.0299187,-2.43512,0.0429464,2.62197,-0.0794737,2.05526e-05
-0.0142294,0.27159,-0.0297893,-2.43205,0.0428585,2.63605,-0.0803775,1.58524e-05
-0.0145981,0.28325,-0.0296054,-2.42875,0.0427102,2.64871,-0.08103,1.18349e-05
-0.0149619,0.294116,-0.0293868,-2.42532,0.0425163,2.66009,-0.0814733,8.51876e-06
-0.0153146,0.304216,-0.0291492,-2.42184,0.0422889,2.67035,-0.0817464,5.86471e-06
-0.0156516,0.313582,-0.0289044,-2.41838,0.0420383,2.67962,-0.0818838,3.79618e-06
-0.01597,0.322251,-0.0286614,-2.41499,0.0417727,2.68801,-0.0819157,2.22226e-06
-0.0162677,0.330259,-0.0284262,-2.41171,0.0414987,2.69563,-0.0818673,1.05205e-06
-0.0165437,0.337645,-0.0282027,-2.40857,0.0412217,2.70256,-0.0817595,2.01144e-07
-0.0167977,0.344447,-0.0279936,-2.40558,0.040946,2.70888,-0.0816093,-4.0409e-07
-0.0170302,0.350703,-0.0278,-2.40276,0.0406747,2.71466,-0.0814298,-8.23809e-07
-0.0172418,0.356451,-0.0276225,-2.40012,0.0404104,2.71995,-0.0812316,-1.10489e-06
-0.0174334,0.361725,-0.0274607,-2.39766,0.0401549,2.72482,-0.0810226,-1.28317e-06
-0.0176061,0.36656,-0.0273144,-2.39537,0.0399096,2.72931,-0.0808087,-1.38565e-06
-0.0177612,0.37099,-0.0271826,-2.39326,0.0396752,2.73344,-0.0805944,-1.4324e-06
-0.0178999,0.375044,-0.0270645,-2.39132,0.0394521,2.73727,-0.0803828,-1.43815e-06
-0.0180234,0.378754,-0.0269591,-2.38953,0.0392404,2.74082,-0.0801762,-1.41393e-06
-0.018133,0.382144,-0.0268656,-2.3879,0.03904,2.74411,-0.079976,-1.36812e-06
-0.0182296,0.385243,-0.026783,-2.38642,0.0388506,2.74717,-0.0797834,-1.3072e-06
-0.0183145,0.388073,-0.0267103,-2.38507,0.0386717,2.75001,-0.0795988,-1.2362e-06
-0.0183885,0.390657,-0.0266468,-2.38384,0.0385027,2.75266,-0.0794223,-1.15907e-06
-0.0184528,0.393015,-0.0265917,-2.38273,0.0383431,2.75514,-0.0792542,-1.07891e-06
-0.018508,0.395167,-0.0265443,-2.38173,0.0381921,2.75745,-0.0790941,-9.98158e-07
-0.0185551,0.397129,-0.0265038,-2.38083,0.038049,2.75961,-0.0789417,-9.18647e-07
-0.0185948,0.398919,-0.0264698,-2.38002,0.0379134,2.76162,-0.0787967,-8.41747e-07
-0.0186278,0.400551,-0.0264415,-2.3793,0.0377844,2.76351,-0.0786588,-7.68431e-07
-0.0186547,0.402039,-0.0264186,-2.37865,0.0376616,2.76528,-0.0785273,-6.99357e-07
-0.018676,0.403396,-0.0264004,-2.37806,0.0375443,2.76694,-0.0784019,-6.34919e-07
-0.0186924,0.404632,-0.0263867,-2.37755,0.0374321,2.76849,-0.0782821,-5.75313e-07
-0.0187043,0.405759,-0.026377,-2.37709,0.0373244,2.76995,-0.0781674,-5.20578e-07
-0.0187122,0.406786,-0.0263708,-2.37668,0.0372209,2.77131,-0.0780575,-4.70641e-07
-0.0187164,0.407722,-0.026368,-2.37632,0.037121,2.77259,-0.0779519,-4.25346e-07
-0.0187174,0.408575,-0.0263681,-2.376,0.0370245,2.77379,-0.0778502,-3.84479e-07
-0.0187154,0.409353,-0.0263709,-2.37571,0.036931,2.77491,-0.0777521,-3.47788e-07
-0.0187109,0.410062,-0.0263761,-2.37547,0.0368403,2.77597,-0.0776573,-3.15001e-07
-0.018704,0.410708,-0.0263835,-2.37525,0.036752,2.77695,-0.0775656,-2.85833e-07
-0.0186951,0.411297,-0.0263929,-2.37506,0.036666,2.77788,-0.0774765,-2.59997e-07
-0.0186843,0.411834,-0.026404,-2.37489,0.036582,2.77875,-0.0773899,-2.37211e-07
-0.0186719,0.412323,-0.0264167,-2.37475,0.0365,2.77957,-0.0773057,-2.17199e-07
-0.0186582,0.412769,-0.0264307,-2.37462,0.0364196,2.78033,-0.0772235,-1.99698e-07
-0.0186432,0.413176,-0.026446,-2.37452,0.0363409,2.78105,-0.0771433,-1.84458e-07
-0.0186271,0.413548,-0.0264624,-2.37442,0.0362636,2.78172,-0.0770648,-1.71245e-07
-0.0186101,0.413886,-0.0264797,-2.37434,0.0361878,2.78235,-0.0769881,-1.5984e-07
-0.0185923,0.414195,-0.0264979,-2.37428,0.0361132,2.78294,-0.0769129,-1.50039e-07
-0.0185738,0.414477,-0.0265168,-2.37422,0.0360399,2.78349,-0.0768392,-1.41655e-07
-0.0185548,0.414734,-0.0265363,-2.37417,0.0359678,2.78401,-0.0767668,-1.34517e-07
-0.0185354,0.414969,-0.0265563,-2.37414,0.0358969,2.7845,-0.0766958,-1.28469e-07
-0.0185156,0.415183,-0.0265767,-2.3741,0.0358271,2.78495,-0.0766261,-1.23369e-07
-0.0184955,0.415378,-0.0265975,-2.37408,0.0357583,2.78538,-0.0765576,-1.1909e-07
-0.0184752,0.415557,-0.0266186,-2.37406,0.0356907,2.78578,-0.0764902,-1.15516e-07
-0.0184547,0.41572,-0.0266398,-2.37404,0.035624,2.78615,-0.076424,-1.12545e-07
-0.0184342,0.415869,-0.0266612,-2.37403,0.0355584,2.7865,-0.0763589,-1.10085e-07
-0.0184137,0.416005,-0.0266827,-2.37402,0.0354939,2.78682,-0.0762949,-1.08054e-07
-0.0183931,0.416129,-0.0267043,-2.37402,0.0354303,2.78713,-0.076232,-1.0638e-07
-0.0183727,0.416243,-0.0267258,-2.37402,0.0353678,2.78742,-0.0761701,-1.05001e-07
-0.0183523,0.416347,-0.0267473,-2.37402,0.0353062,2.78768,-0.0761093,-1.03859e-07
-0.0183321,0.416441,-0.0267687,-2.37402,0.0352457,2.78793,-0.0760495,-1.02908e-07
-0.0183121,0.416528,-0.02679,-2.37402,0.0351862,2.78817,-0.0759907,-1.02104e-07
-0.0182922,0.416608,-0.0268111,-2.37403,0.0351277,2.78839,-0.075933,-1.01412e-07
-0.0182726,0.41668,-0.0268321,-2.37403,0.0350702,2.78859,-0.0758762,-1.008e-07
-0.0182532,0.416747,-0.0268528,-2.37404,0.0350137,2.78878,-0.0758205,-1.00242e-07
-0.0182341,0.416807,-0.0268734,-2.37405,0.0349582,2.78896,-0.0757658,-9.97146e-08
-0.0181004,0.416887,-0.0270485,-2.37414,0.0346325,2.79018,-0.0754765,-1.14145e-06
-0.0179314,0.416957,-0.0272715,-2.37423,0.0342086,2.79111,-0.0750939,-1.76628e-06
-0.0177733,0.41701,-0.0274782,-2.37428,0.0337935,2.79129,-0.074707,-1.69361e-06
-0.0176483,0.417049,-0.0276367,-2.37429,0.0334486,2.79105,-0.0743744,-9.324e-07
-0.0175618,0.417086,-0.0277385,-2.3743,0.0331976,2.79084,-0.0741245,2.20612e-08
-0.0175096,0.417125,-0.0277904,-2.37432,0.0330357,2.79086,-0.0739567,3.7084e-07
-0.0174828,0.417164,-0.0278065,-2.37435,0.0329417,2.79103,-0.0738522,1.44728e-07
-0.0174724,0.417201,-0.0278013,-2.37438,0.0328911,2.79121,-0.0737884,-6.32707e-08
-0.017471,0.417236,-0.0277863,-2.37439,0.0328646,2.7913,-0.073748,-6.66213e-08
-0.0174736,0.417269,-0.0277688,-2.3744,0.0328504,2.79132,-0.0737206,-2.08393e-08
-0.0174771,0.417301,-0.0277527,-2.3744,0.0328421,2.79132,-0.0737011,4.92697e-09
-0.0174802,0.417334,-0.0277396,-2.3744,0.0328363,2.79134,-0.0736866,1.5986e-08
-0.0174823,0.417368,-0.02773,-2.37441,0.0328315,2.79139,-0.0736753,4.52614e-09
-0.0174834,0.417403,-0.0277234,-2.3744,0.0328266,2.79143,-0.0736656,-1.77905e-08
-0.0174838,0.417438,-0.0277192,-2.3744,0.0328216,2.79147,-0.0736572,-2.91622e-08
-0.0174839,0.417474,-0.0277164,-2.3744,0.0328169,2.7915,-0.0736499,-2.64975e-08
-0.0174839,0.41751,-0.0277144,-2.37439,0.0328132,2.79153,-0.073644,-1.61675e-08
-0.0174842,0.417548,-0.0277126,-2.37439,0.0328106,2.79156,-0.0736398,-5.79511e-09
-0.0174847,0.417586,-0.0277107,-2.37438,0.0328094,2.79159,-0.0736372,-2.05731e-09
-0.0174856,0.417626,-0.0277087,-2.37438,0.0328093,2.79163,-0.0736359,-3.50837e-09
-0.0174868,0.417667,-0.0277064,-2.37437,0.0328102,2.79166,-0.0736356,-4.09541e-09
-0.0174882,0.417708,-0.027704,-2.37437,0.0328119,2.7917,-0.0736362,-2.50676e-09
-0.0174898,0.417751,-0.0277013,-2.37436,0.0328142,2.79173,-0.0736374,-9.76274e-10
-0.0174915,0.417794,-0.0276986,-2.37435,0.0328169,2.79177,-0.073639,-2.45508e-10
-0.0174934,0.417839,-0.0276957,-2.37435,0.0328198,2.7918,-0.073641,8.14264e-11
-0.0174953,0.417884,-0.0276929,-2.37434,0.032823,2.79184,-0.0736432,6.9741e-11
-0.0174973,0.417929,-0.0276899,-2.37433,0.0328264,2.79188,-0.0736455,-1.38504e-10
-0.0174994,0.417976,-0.027687,-2.37432,0.0328298,2.79191,-0.073648,-2.39897e-10
-0.0175014,0.418023,-0.027684,-2.37431,0.0328332,2.79195,-0.0736505,-1.78056e-10
-0.0175036,0.418071,-0.0276811,-2.3743,0.0328368,2.79199,-0.0736531,-6.57926e-11
-0.0175057,0.41812,-0.027678,-2.3743,0.0328403,2.79203,-0.0736557,1.26812e-11
-0.0175079,0.418169,-0.027675,-2.37429,0.0328439,2.79207,-0.0736583,2.4203e-11
-0.0175101,0.418218,-0.0276719,-2.37428,0.0328474,2.79211,-0.073661,4.95523e-14
-0.0175123,0.418268,-0.0276689,-2.37427,0.0328511,2.79215,-0.0736637,-3.07683e-12
-0.0175146,0.418319,-0.0276657,-2.37426,0.0328547,2.79219,-0.0736664,1.96889e-11
-0.0175168,0.418369,-0.0276626,-2.37425,0.0328583,2.79223,-0.0736691,3.93749e-11
-0.0175192,0.418421,-0.0276594,-2.37424,0.032862,2.79227,-0.0736718,4.7556e-11
-0.0175215,0.418472,-0.0276562,-2.37422,0.0328656,2.79231,-0.0736746,5.07882e-11
-0.0175238,0.418524,-0.027653,-2.37421,0.0328693,2.79235,-0.0736773,5.06192e-11
-0.0175262,0.418576,-0.0276498,-2.3742,0.032873,2.79239,-0.0736801,4.81719e-11
-0.0175286,0.418628,-0.0276466,-2.37419,0.0328767,2.79243,-0.0736829,4.69242e-11
-0.017531,0.418681,-0.0276433,-2.37418,0.0328804,2.79247,-0.0736856,4.75518e-11
-0.0175334,0.418734,-0.02764,-2.37417,0.0328841,2.79251,-0.0736884,4.84179e-11
-0.0175359,0.418787,-0.0276367,-2.37416,0.0328878,2.79256,-0.0736912,4.86976e-11
-0.0175383,0.41884,-0.0276334,-2.37415,0.0328915,2.7926,-0.073694,4.85343e-11
-0.0175408,0.418893,-0.0276301,-2.37413,0.0328952,2.79264,-0.0736968,4.84226e-11
-0.0175433,0.418946,-0.0276268,-2.37412,0.0328989,2.79268,-0.0736996,4.88159e-11
-0.0175458,0.419,-0.0276235,-2.37411,0.0329026,2.79272,-0.0737024,4.96423e-11
-0.0175483,0.419054,-0.0276201,-2.3741,0.0329064,2.79276,-0.0737052,5.05398e-11
-0.0175508,0.419108,-0.0276168,-2.37409,0.0329101,2.7928,-0.073708,5.139e-11
-0.0175533,0.419162,-0.0276134,-2.37407,0.0329138,2.79285,-0.0737109,5.22501e-11
-0.0175558,0.419216,-0.0276101,-2.37406,0.0329176,2.79289,-0.0737137,5.31158e-11
-0.0175583,0.41927,-0.0276067,-2.37405,0.0329213,2.79293,-0.0737165,5.39687e-11
-0.0175608,0.419324,-0.0276033,-2.37404,0.0329251,2.79297,-0.0737194,5.48249e-11
-0.0175634,0.419378,-0.0275999,-2.37402,0.0329288,2.79301,-0.0737222,5.56757e-11
-0.0175659,0.419432,-0.0275966,-2.37401,0.0329326,2.79306,-0.073725,5.64887e-11
-0.0175685,0.419487,-0.0275932,-2.374,0.0329363,2.7931,-0.0737279,5.7249e-11
-0.017571,0.419541,-0.0275898,-2.37399,0.0329401,2.79314,-0.0737307,5.79585e-11
-0.0175736,0.419596,-0.0275864,-2.37397,0.0329438,2.79318,-0.0737336,5.86207e-11
-0.0175761,0.41965,-0.027583,-2.37396,0.0329476,2.79322,-0.0737364,5.92369e-11
-0.0175787,0.419705,-0.0275796,-2.37395,0.0329514,2.79327,-0.0737393,5.98048e-11
-0.0175813,0.419759,-0.0275762,-2.37394,0.0329551,2.79331,-0.0737421,6.0321e-11
-0.0175838,0.419814,-0.0275728,-2.37392,0.0329589,2.79335,-0.073745,6.07853e-11
-0.0175864,0.419869,-0.0275694,-2.37391,0.0329627,2.79339,-0.0737478,6.11997e-11
-0.017589,0.419924,-0.027566,-2.3739,0.0329664,2.79343,-0.0737507,6.15662e-11
-0.0175915,0.419978,-0.0275625,-2.37389,0.0329702,2.79347,-0.0737535,6.18864e-11
-0.0175941,0.420033,-0.0275591,-2.37387,0.032974,2.79352,-0.0737564,6.21627e-11
-0.0175967,0.420088,-0.0275557,-2.37386,0.0329777,2.79356,-0.0737593,6.23973e-11
-0.0175993,0.420143,-0.0275523,-2.37385,0.0329815,2.7936,-0.0737621,6.25924e-11
-0.0176019,0.420197,-0.0275489,-2.37384,0.0329853,2.79364,-0.073765,6.27502e-11
-0.0176044,0.420252,-0.0275455,-2.37382,0.032989,2.79368,-0.0737679,6.28732e-11
-0.017607,0.420307,-0.027542,-2.37381,0.0329928,2.79373,-0.0737707,6.2964e-11
-0.0176096,0.420362,-0.0275386,-2.3738,0.0329966,2.79377,-0.0737736,6.30249e-11
-0.0176122,0.420417,-0.0275352,-2.37378,0.0330004,2.79381,-0.0737765,6.3058e-11
-0.0176148,0.420472,-0.0275318,-2.37377,0.0330041,2.79385,-0.0737793,6.30655e-11
-0.0176174,0.420526,-0.0275284,-2.37376,0.0330079,2.79389,-0.0737822,6.30493e-11
-0.0176199,0.420581,-0.0275249,-2.37375,0.0330117,2.79394,-0.0737851,6.30115e-11
-0.0176225,0.420636,-0.0275215,-2.37373,0.0330154,2.79398,-0.0737879,6.29538e-11
-0.0176251,0.420691,-0.0275181,-2.37372,0.0330192,2.79402,-0.0737908,6.2878e-11
-0.0176277,0.420746,-0.0275147,-2.37371,0.033023,2.79406,-0.0737937,6.27855e-11
-0.0176303,0.420801,-0.0275112,-2.37369,0.0330268,2.7941,-0.0737965,6.26779e-11
-0.0176329,0.420856,-0.0275078,-2.37368,0.0330305,2.79415,-0.0737994,6.25566e-11
-0.0176355,0.420911,-0.0275044,-2.37367,0.0330343,2.79419,-0.0738023,6.24228e-11
-0.0176381,0.420966,-0.027501,-2.37365,0.0330381,2.79423,-0.0738051,6.22777e-11
-0.0176407,0.421021,-0.0274975,-2.37364,0.0330419,2.79427,-0.073808,6.21223e-11
-0.0176433,0.421076,-0.0274941,-2.37363,0.0330456,2.79431,-0.0738109,6.19577e-11
-0.0176458,0.421131,-0.0274907,-2.37362,0.0330494,2.79436,-0.0738137,6.17848e-11
-0.0176484,0.421186,-0.0274873,-2.3736,0.0330532,2.7944,-0.0738166,6.16044e-11
-0.017651,0.421241,-0.0274838,-2.37359,0.033057,2.79444,-0.0738195,6.14172e-11
-0.0176536,0.421296,-0.0274804,-2.37358,0.0330607,2.79448,-0.0738224,6.12241e-11
-0.0176562,0.421351,-0.027477,-2.37356,0.0330645,2.79452,-0.0738252,6.10256e-11
-0.0176588,0.421406,-0.0274736,-2.37355,0.0330683,2.79457,-0.0738281,6.08223e-11
-0.0176614,0.421461,-0.0274701,-2.37354,0.0330721,2.79461,-0.073831,6.06148e-11
-0.017664,0.421515,-0.0274667,-2.37353,0.0330758,2.79465,-0.0738338,6.04036e-11
-0.0176666,0.42157,-0.0274633,-2.37351,0.0330796,2.79469,-0.0738367,6.0189e-11
-0.0176692,0.421625,-0.0274599,-2.3735,0.0330834,2.79473,-0.0738396,5.99716e-11
-0.0176718,0.42168,-0.0274564,-2.37349,0.0330872,2.79478,-0.0738424,5.97517e-11
-0.0176744,0.421735,-0.027453,-2.37347,0.0330909,2.79482,-0.0738453,5.95295e-11
-0.0176769,0.42179,-0.0274496,-2.37346,0.0330947,2.79486,-0.0738482,5.93055e-11
-0.0176795,0.421845,-0.0274462,-2.37345,0.0330985,2.7949,-0.0738511,5.908e-11
-0.0176821,0.4219,-0.0274427,-2.37343,0.0331023,2.79494,-0.0738539,5.8853e-11
-0.0176847,0.421955,-0.0274393,-2.37342,0.033106,2.79499,-0.0738568,5.8625e-11
-0.0176873,0.42201,-0.0274359,-2.37341,0.0331098,2.79503,-0.0738597,5.83961e-11
-0.0176899,0.422065,-0.0274324,-2.3734,0.0331136,2.79507,-0.0738625,5.81665e-11
-0.0176925,0.42212,-0.027429,-2.37338,0.0331173,2.79511,-0.0738654,5.79364e-11
-0.0176951,0.422175,-0.0274256,-2.37337,0.0331211,2.79515,-0.0738683,5.77059e-11
-0.0176977,0.42223,-0.0274222,-2.37336,0.0331249,2.7952,-0.0738711,5.74751e-11
-0.0177003,0.422285,-0.0274187,-2.37334,0.0331287,2.79524,-0.073874,5.72443e-11
-0.0177029,0.42234,-0.0274153,-2.37333,0.0331324,2.79528,-0.0738769,5.70134e-11
-0.0177055,0.422395,-0.0274119,-2.37332,0.0331362,2.79532,-0.0738798,5.67827e-11
-0.0177081,0.422451,-0.0274085,-2.3733,0.03314,2.79536,-0.0738826,5.65522e-11
-0.0177106,0.422506,-0.027405,-2.37329,0.0331437,2.79541,-0.0738855,5.6322e-11
-0.0177132,0.422561,-0.0274016,-2.37328,0.0331475,2.79545,-0.0738884,5.60921e-11
-0.0177158,0.422616,-0.0273982,-2.37326,0.0331513,2.79549,-0.0738912,5.58627e-11
-0.0177184,0.422671,-0.0273948,-2.37325,0.0331551,2.79553,-0.0738941,5.56338e-11
-0.017721,0.422726,-0.0273913,-2.37324,0.0331588,2.79557,-0.073897,5.54055e-11
-0.0177236,0.422781,-0.0273879,-2.37323,0.0331626,2.79562,-0.0738998,5.51778e-11
-0.0177262,0.422836,-0.0273845,-2.37321,0.0331664,2.79566,-0.0739027,5.49507e-11
-0.0177288,0.422891,-0.0273811,-2.3732,0.0331701,2.7957,-0.0739056,5.47244e-11
-0.0177314,0.422946,-0.0273776,-2.37319,0.0331739,2.79574,-0.0739085,5.44988e-11
-0.017734,0.423001,-0.0273742,-2.37317,0.0331777,2.79578,-0.0739113,5.42739e-11
-0.0177366,0.423056,-0.0273708,-2.37316,0.0331814,2.79583,-0.0739142,5.40499e-11
-0.0177392,0.423111,-0.0273674,-2.37315,0.0331852,2.79587,-0.0739171,5.38267e-11
-0.0177417,0.423166,-0.0273639,-2.37313,0.033189,2.79591,-0.0739199,5.36043e-11
-0.0177443,0.423221,-0.0273605,-2.37312,0.0331928,2.79595,-0.0739228,5.33828e-11
-0.0177469,0.423276,-0.0273571,-2.37311,0.0331965,2.79599,-0.0739257,5.31622e-11
-0.0177495,0.423331,-0.0273537,-2.37309,0.0332003,2.79604,-0.0739285,5.29425e-11
-0.0177521,0.423386,-0.0273502,-2.37308,0.0332041,2.79608,-0.0739314,5.27237e-11
-0.0177547,0.423441,-0.0273468,-2.37307,0.0332078,2.79612,-0.0739343,5.25058e-11
-0.0177573,0.423496,-0.0273434,-2.37306,0.0332116,2.79616,-0.0739371,5.22889e-11
-0.0177599,0.423551,-0.02734,-2.37304,0.0332154,2.7962,-0.07394,5.20729e-11
-0.0177625,0.423606,-0.0273365,-2.37303,0.0332191,2.79624,-0.0739429,5.18579e-11
-0.0177651,0.423661,-0.0273331,-2.37302,0.0332229,2.79629,-0.0739457,5.16438e-11
-0.0177677,0.423716,-0.0273297,-2.373,0.0332267,2.79633,-0.0739486,5.14307e-11
-0.0177703,0.423771,-0.0273263,-2.37299,0.0332304,2.79637,-0.0739515,5.12186e-11
-0.0177728,0.423826,-0.0273228,-2.37298,0.0332342,2.79641,-0.0739544,5.10075e-11
-0.0177754,0.423881,-0.0273194,-2.37296,0.033238,2.79645,-0.0739572,5.07973e-11
-0.017778,0.423936,-0.027316,-2.37295,0.0332417,2.7965,-0.0739601,5.05882e-11
-0.0177806,0.423991,-0.0273126,-2.37294,0.0332455,2.79654,-0.073963,5.038e-11
-0.0177832,0.424046,-0.0273091,-2.37292,0.0332493,2.79658,-0.0739658,5.01728e-11
-0.0177858,0.424102,-0.0273057,-2.37291,0.033253,2.79662,-0.0739687,4.99666e-11
-0.0177884,0.424157,-0.0273023,-2.3729,0.0332568,2.79666,-0.0739716,4.97613e-11
-0.017791,0.424212,-0.0272989,-2.37288,0.0332606,2.79671,-0.0739744,4.95571e-11
-0.0177936,0.424267,-0.0272954,-2.37287,0.0332643,2.79675,-0.0739773,4.93538e-11
-0.0177962,0.424322,-0.027292,-2.37286,0.0332681,2.79679,-0.0739802,4.91515e-11
-0.0177988,0.424377,-0.0272886,-2.37284,0.0332719,2.79683,-0.073983,4.89502e-11
-0.0178013,0.424432,-0.0272852,-2.37283,0.0332756,2.79687,-0.0739859,4.87499e-11
-0.0178039,0.424487,-0.0272818,-2.37282,0.0332794,2.79692,-0.0739888,4.85506e-11
-0.0178065,0.424542,-0.0272783,-2.37281,0.0332831,2.79696,-0.0739916,4.83522e-11
-0.0178091,0.424597,-0.0272749,-2.37279,0.0332869,2.797,-0.0739945,4.81548e-11
-0.0178117,0.424652,-0.0272715,-2.37278,0.0332907,2.79704,-0.0739974,4.79584e-11
-0.0178143,0.424707,-0.0272681,-2.37277,0.0332944,2.79708,-0.0740002,4.77629e-11
-0.0178169,0.424762,-0.0272646,-2.37275,0.0332982,2.79712,-0.0740031,4.75684e-11
-0.0178195,0.424817,-0.0272612,-2.37274,0.033302,2.79717,-0.074006,4.73749e-11
-0.0178221,0.424872,-0.0272578,-2.37273,0.0333057,2.79721,-0.0740088,4.71813e-11
-0.0178247,0.424927,-0.0272544,-2.37271,0.0333095,2.79725,-0.0740117,4.69878e-11
-0.0178272,0.424983,-0.0272509,-2.3727,0.0333133,2.79729,-0.0740146,1.57253e-10
-0.0178298,0.425038,-0.0272475,-2.37269,0.033317,2.79733,-0.0740174,2.67517e-10
-0.0178324,0.425093,-0.0272441,-2.37267,0.0333208,2.79738,-0.0740203,-1.96243e-10
-0.017835,0.425148,-0.0272407,-2.37266,0.0333245,2.79742,-0.0740232,-6.60002e-10
-0.0178376,0.425203,-0.0272373,-2.37265,0.0333283,2.79746,-0.074026,5.89812e-10
-0.0178402,0.425258,-0.0272338,-2.37263,0.0333321,2.7975,-0.0740289,1.83963e-09
-0.0178428,0.425313,-0.0272304,-2.37262,0.0333358,2.79754,-0.0740318,-1.10471e-09
-0.0178454,0.425368,-0.027227,-2.37261,0.0333396,2.79759,-0.0740346,-4.04904e-09
-0.017848,0.425423,-0.0272236,-2.37259,0.0333433,2.79763,-0.0740375,2.58183e-09
-0.0178506,0.425478,-0.0272201,-2.37258,0.0333471,2.79767,-0.0740404,9.2127e-09
-0.0178531,0.425533,-0.0272167,-2.37257,0.0333509,2.79771,-0.0740432,-5.52642e-09
-0.0178557,0.425588,-0.0272133,-2.37255,0.0333546,2.79775,-0.074046,-2.02655e-08
-0.0178583,0.425643,-0.0272099,-2.37254,0.0333584,2.79779,-0.074049,1.24026e-08
-0.0178609,0.425699,-0.0272065,-2.37253,0.0333621,2.79784,-0.0740518,4.37457e-09
-0.0178635,0.425754,-0.027203,-2.37251,0.0333659,2.79788,-0.0740547,-3.65345e-09
-0.0178661,0.425809,-0.0271996,-2.3725,0.0333697,2.79792,-0.0740575,-1.16815e-08
-0.0178687,0.425864,-0.0271962,-2.37249,0.0333734,2.79796,-0.0740604,7.50898e-09
-0.0178713,0.425919,-0.0271928,-2.37248,0.0333772,2.798,-0.0740633,2.66994e-08
-0.0178739,0.425974,-0.0271893,-2.37246,0.0333809,2.79805,-0.0740661,-1.63122e-08
-0.0178764,0.426029,-0.0271859,-2.37245,0.0333847,2.79809,-0.074069,-5.59044e-09
-0.017879,0.426084,-0.0271825,-2.37244,0.0333884,2.79813,-0.0740719,5.13134e-09
-0.0178816,0.426139,-0.0271791,-2.37242,0.0333922,2.79817,-0.0740748,1.58531e-08
-0.0178842,0.426194,-0.0271757,-2.37241,0.033396,2.79821,-0.0740776,-9.74994e-09
-0.0178868,0.426249,-0.0271722,-2.3724,0.0333997,2.79825,-0.0740805,-3.27448e-09
-0.0178894,0.426305,-0.0271688,-2.37238,0.0334035,2.7983,-0.0740833,3.20098e-09
-0.017892,0.42636,-0.0271654,-2.37237,0.0334072,2.79834,-0.0740862,9.67645e-09
-0.0178946,0.426415,-0.027162,-2.37236,0.033411,2.79838,-0.074089,-6.24834e-09
-0.0178972,0.42647,-0.0271586,-2.37234,0.0334148,2.79842,-0.0740919,-2.21731e-08
-0.0178997,0.426525,-0.0271551,-2.37233,0.0334185,2.79846,-0.0740948,1.39655e-08
-0.0179023,0.42658,-0.0271517,-2.37232,0.0334223,2.79851,-0.0740976,4.59587e-09
-0.0179049,0.426635,-0.0271483,-2.3723,0.033426,2.79855,-0.0741005,-4.7738e-09
-0.0179075,0.42669,-0.0271449,-2.37229,0.0334298,2.79859,-0.0741033,-1.41435e-08
-0.0179101,0.426745,-0.0271415,-2.37228,0.0334335,2.79863,-0.0741062,8.74593e-09
-0.0179127,0.426801,-0.027138,-2.37226,0.0334373,2.79867,-0.0741091,3.11785e-09
-0.0179153,0.426856,-0.0271346,-2.37225,0.033441,2.79871,-0.074112,-2.51024e-09
-0.0179179,0.426911,-0.0271312,-2.37224,0.0334448,2.79876,-0.0741148,-8.13832e-09
-0.0179205,0.426966,-0.0271278,-2.37222,0.0334485,2.7988,-0.0741177,5.70715e-09
-0.017923,0.427021,-0.0271244,-2.37221,0.0334523,2.79884,-0.0741206,1.95526e-08
-0.0179256,0.427076,-0.0271209,-2.3722,0.0334561,2.79888,-0.0741234,-1.27058e-08
-0.0179282,0.427131,-0.0271175,-2.37218,0.0334598,2.79892,-0.0741263,-3.75792e-09
-0.0179308,0.427186,-0.0271141,-2.37217,0.0334636,2.79896,-0.0741291,5.18998e-09
-0.0179334,0.427241,-0.0271107,-2.37216,0.0334673,2.79901,-0.074132,1.41379e-08
-0.017936,0.427297,-0.0271073,-2.37214,0.0334711,2.79905,-0.0741348,-7.94289e-09
-0.0179386,0.427352,-0.0271038,-2.37213,0.0334749,2.79909,-0.0741377,-3.00237e-08
-0.0179412,0.427407,-0.0271004,-2.37212,0.0334786,2.79913,-0.0741406,1.65469e-08
-0.0179437,0.427462,-0.027097,-2.3721,0.0334823,2.79917,-0.0741435,7.17235e-09
-0.0179463,0.427517,-0.0270936,-2.37209,0.0334861,2.79922,-0.0741463,-2.20216e-09
-0.0179489,0.427572,-0.0270902,-2.37208,0.0334899,2.79926,-0.0741491,-1.15767e-08
-0.0179515,0.427627,-0.0270867,-2.37206,0.0334936,2.7993,-0.0741521,9.39712e-09
-0.0179541,0.427682,-0.0270833,-2.37205,0.0334973,2.79934,-0.0741549,9.16455e-10
-0.0179567,0.427738,-0.0270799,-2.37204,0.0335011,2.79938,-0.0741578,-7.56421e-09
-0.0179593,0.427793,-0.0270765,-2.37202,0.0335049,2.79942,-0.0741606,-1.60449e-08
-0.0179619,0.427848,-0.0270731,-2.37201,0.0335086,2.79947,-0.0741635,8.19699e-09
-0.0179644,0.427903,-0.0270696,-2.372,0.0335123,2.79951,-0.0741664,3.24389e-08
-0.017967,0.427958,-0.0270662,-2.37198,0.0335161,2.79955,-0.0741692,-1.45746e-08
-0.0179696,0.428013,-0.0270628,-2.37197,0.0335199,2.79959,-0.0741721,-9.01182e-09
-0.0179722,0.428068,-0.0270594,-2.37196,0.0335236,2.79963,-0.0741749,-3.44904e-09
-0.0179748,0.428124,-0.027056,-2.37194,0.0335273,2.79967,-0.0741778,2.11373e-09
-0.0179774,0.428179,-0.0270525,-2.37193,0.0335311,2.79972,-0.0741806,-6.6467e-09
-0.01798,0.428234,-0.0270491,-2.37192,0.0335349,2.79976,-0.0741835,3.59805e-09
-0.0179826,0.428289,-0.0270457,-2.3719,0.0335386,2.7998,-0.0741864,1.38428e-08
-0.0179851,0.428344,-0.0270423,-2.37189,0.0335424,2.79984,-0.0741892,2.40875e-08
-0.0179877,0.428399,-0.0270389,-2.37188,0.0335461,2.79988,-0.0741921,-9.25267e-09
-0.0179903,0.428454,-0.0270355,-2.37186,0.0335499,2.79993,-0.0741949,-4.25929e-08
-0.0179929,0.42851,-0.027032,-2.37185,0.0335536,2.79997,-0.0741978,1.18468e-08
-0.0179955,0.428565,-0.0270286,-2.37183,0.0335574,2.80001,-0.0742007,1.50351e-08
-0.0179981,0.42862,-0.0270252,-2.37182,0.0335611,2.80005,-0.0742035,1.82234e-08
-0.0180007,0.428675,-0.0270218,-2.37181,0.0335649,2.80009,-0.0742064,2.14117e-08
-0.0180032,0.42873,-0.0270184,-2.37179,0.0335686,2.80013,-0.0742093,1.54992e-09
-0.0180058,0.428785,-0.027015,-2.37178,0.0335724,2.80018,-0.0742121,-1.53418e-08
-0.0180084,0.42884,-0.0270115,-2.37177,0.0335761,2.80022,-0.074215,-3.22336e-08
-0.018011,0.428896,-0.0270081,-2.37175,0.0335799,2.80026,-0.0742178,-4.91253e-08
-0.0180136,0.428951,-0.0270047,-2.37174,0.0335836,2.8003,-0.0742207,1.47476e-08
-0.0180162,0.429006,-0.0270013,-2.37173,0.0335873,2.80034,-0.0742236,7.86205e-08
-0.0180188,0.429061,-0.0269979,-2.37171,0.0335911,2.80038,-0.0742264,-8.60721e-09
-0.0180214,0.429116,-0.0269944,-2.3717,0.0335948,2.80043,-0.0742293,-3.3151e-08
-0.0180239,0.429171,-0.026991,-2.37169,0.0335986,2.80047,-0.0742322,-5.76948e-08
-0.0180265,0.429227,-0.0269876,-2.37167,0.0336023,2.80051,-0.074235,6.60833e-09
-0.0180291,0.429282,-0.0269842,-2.37166,0.0336061,2.80055,-0.0742378,7.09115e-08
-0.0180317,0.429337,-0.0269808,-2.37165,0.0336098,2.80059,-0.0742407,8.18706e-09
-0.0180343,0.429392,-0.0269774,-2.37163,0.0336136,2.80063,-0.0742436,-5.45374e-08
-0.0180369,0.429447,-0.0269739,-2.37162,0.0336173,2.80068,-0.0742464,-1.48424e-08
-0.0180395,0.429502,-0.0269705,-2.37161,0.0336211,2.80072,-0.0742493,2.48526e-08
-0.018042,0.429558,-0.0269671,-2.37159,0.0336248,2.80076,-0.0742522,1.83401e-08
-0.0180446,0.429613,-0.0269637,-2.37158,0.0336285,2.8008,-0.0742551,1.18276e-08
-0.0180495,0.429665,-0.0269558,-2.37157,0.0336362,2.80085,-0.0742586,-4.26167e-07
-0.0180527,0.429719,-0.0269511,-2.37155,0.0336399,2.80088,-0.0742631,2.76808e-07
-0.018059,0.42977,-0.02694,-2.37154,0.0336499,2.80093,-0.0742664,-6.63432e-07
-0.0180625,0.429822,-0.0269347,-2.37153,0.0336532,2.80096,-0.0742705,2.7023e-07
-0.0180658,0.429874,-0.0269293,-2.37151,0.0336575,2.801,-0.0742718,3.03485e-07
-0.0180693,0.429926,-0.0269236,-2.3715,0.0336617,2.80104,-0.0742734,-2.60771e-07
-0.0180749,0.429976,-0.0269137,-2.37148,0.0336687,2.8011,-0.0742768,-8.61754e-07
-0.0180843,0.430018,-0.0268963,-2.37147,0.033682,2.80113,-0.0742811,-5.57735e-07
-0.0180921,0.430062,-0.026882,-2.37146,0.03369,2.80117,-0.0742867,6.90015e-07
-0.0181022,0.430102,-0.0268629,-2.37144,0.0337027,2.80121,-0.0742895,-8.76516e-07
-0.0181098,0.430143,-0.0268483,-2.37142,0.0337093,2.80124,-0.0742916,-4.69445e-07
-0.0181206,0.430179,-0.0268273,-2.3714,0.033721,2.80126,-0.074293,-1.4061e-06
-0.0181258,0.430219,-0.026817,-2.37139,0.0337229,2.80127,-0.0742909,2.77277e-06
-0.0181348,0.430255,-0.026799,-2.37137,0.0337312,2.80131,-0.0742907,-7.95326e-07
-0.0181422,0.430292,-0.0267841,-2.37135,0.0337353,2.80134,-0.0742911,-2.68331e-06
-0.0181513,0.430326,-0.0267657,-2.37134,0.0337434,2.80136,-0.0742894,-2.34696e-06
-0.018157,0.430361,-0.026754,-2.37132,0.0337469,2.80137,-0.0742836,4.44613e-06
-0.0181691,0.430389,-0.0267292,-2.3713,0.0337611,2.80136,-0.0742798,8.01763e-06
-0.0181785,0.430419,-0.0267096,-2.37129,0.0337641,2.80138,-0.0742899,-1.72602e-06
-0.01819,0.430444,-0.0266852,-2.37128,0.0337788,2.80138,-0.0742846,-2.55671e-06
-0.0181999,0.430472,-0.0266638,-2.37127,0.0337858,2.80142,-0.0742874,-3.31913e-06
-0.0182075,0.430501,-0.0266469,-2.37126,0.0337894,2.80147,-0.0742872,-5.54515e-06
-0.0182195,0.430518,-0.0266208,-2.37125,0.0338062,2.80147,-0.0742766,1.94835e-07
-0.0182315,0.430535,-0.0265942,-2.37124,0.033818,2.80143,-0.0742705,1.49389e-05
-0.0182375,0.430551,-0.02658,-2.37124,0.033816,2.80143,-0.0742734,1.05477e-05
-0.0182442,0.430569,-0.0265637,-2.37123,0.0338204,2.80144,-0.0742674,-6.00837e-07
-0.0182483,0.430581,-0.0265529,-2.37123,0.0338207,2.80146,-0.0742645,-4.03238e-06
-0.0182574,0.430593,-0.0265316,-2.37123,0.0338327,2.80145,-0.0742549,9.21566e-06
-0.0182688,0.430604,-0.0265052,-2.37123,0.0338445,2.80143,-0.0742526,1.58387e-05
-0.0182745,0.43063,-0.0264903,-2.37123,0.0338358,2.80152,-0.0742695,-1.29087e-05
-0.0182849,0.430643,-0.0264659,-2.37123,0.0338534,2.80155,-0.0742541,-1.86214e-05
-0.018286,0.430662,-0.0264606,-2.37123,0.0338508,2.80157,-0.0742424,5.78879e-06
-0.0182946,0.430671,-0.0264406,-2.37122,0.0338594,2.80156,-0.0742343,1.80098e-05
-0.0182964,0.430694,-0.026435,-2.37122,0.0338474,2.8016,-0.0742433,-5.9705e-06
-0.0183123,0.430701,-0.0264007,-2.37121,0.033874,2.80158,-0.0742292,-8.57102e-06
-0.0183195,0.430718,-0.026384,-2.3712,0.0338761,2.80159,-0.0742294,1.10103e-05
-0.0183289,0.430735,-0.0263622,-2.3712,0.0338838,2.80158,-0.074224,1.69061e-05
-0.0183377,0.430753,-0.0263413,-2.37119,0.0338902,2.80159,-0.0742182,7.22678e-06
-0.0183411,0.430779,-0.0263317,-2.37119,0.0338791,2.80165,-0.0742313,-1.86712e-05
-0.0183485,0.430797,-0.0263145,-2.37118,0.0338941,2.80166,-0.0742103,-6.51566e-06
-0.0183668,0.430808,-0.0262749,-2.37118,0.0339202,2.80166,-0.0742017,1.91548e-05
-0.0183736,0.430832,-0.0262585,-2.37117,0.0339036,2.80172,-0.074231,-7.31791e-06
-0.0183743,0.430848,-0.0262542,-2.37116,0.0339039,2.80174,-0.07421,-2.64485e-05
-0.0183766,0.430867,-0.0262475,-2.37115,0.0339055,2.80176,-0.0741946,-1.67435e-05
-0.0183828,0.430886,-0.026234,-2.37114,0.0339023,2.8018,-0.0742042,-1.19238e-05
-0.0183917,0.430903,-0.0262152,-2.37113,0.0339109,2.80182,-0.0742013,-1.97535e-05
-0.0183965,0.430927,-0.0262046,-2.37112,0.0339121,2.80185,-0.0741926,-1.8874e-05
-0.01841,0.430937,-0.0261758,-2.3711,0.0339409,2.80178,-0.0741549,3.29488e-05
-0.0184172,0.430956,-0.0261609,-2.37108,0.033921,2.8018,-0.074193,3.96864e-06
-0.0184308,0.430966,-0.0261317,-2.37107,0.0339487,2.80173,-0.0741597,8.2745e-06
-0.018435,0.430971,-0.0261217,-2.37106,0.0339443,2.80172,-0.0741646,9.85693e-06
-0.0184415,0.430981,-0.0261064,-2.37106,0.0339482,2.80171,-0.0741617,1.80301e-05
-0.0184438,0.431005,-0.0260996,-2.37105,0.0339323,2.8018,-0.0741851,-2.84577e-05
-0.0184532,0.431017,-0.0260784,-2.37105,0.0339629,2.80179,-0.074146,-4.57225e-06
-0.0184618,0.431037,-0.0260599,-2.37105,0.0339562,2.80186,-0.0741756,-8.19935e-06
-0.0184713,0.43104,-0.0260396,-2.37104,0.0339726,2.80186,-0.0741661,-4.92768e-06
-0.0184723,0.431045,-0.0260357,-2.37103,0.0339812,2.80183,-0.0741341,2.88333e-05
-0.0184831,0.431065,-0.0260121,-2.37102,0.0339874,2.80179,-0.0741317,4.44465e-05
-0.0184862,0.431086,-0.0260053,-2.37101,0.0339633,2.80183,-0.0741759,-2.39215e-05
-0.0184985,0.431093,-0.0259783,-2.37101,0.0340025,2.8018,-0.0741276,-1.79617e-06
-0.0185046,0.431095,-0.0259655,-2.37101,0.0339961,2.80182,-0.0741569,2.14355e-06
-0.0185079,0.43109,-0.0259581,-2.37101,0.0340094,2.8018,-0.0741393,2.80582e-05
-0.0185246,0.431097,-0.0259219,-2.37101,0.0340377,2.80177,-0.074124,4.17467e-05
-0.0185307,0.431104,-0.025908,-2.37101,0.0340198,2.8018,-0.0741705,-7.43825e-06
-0.0185328,0.431121,-0.0259011,-2.37101,0.0340116,2.80189,-0.0741842,-6.07291e-05
-0.0185333,0.431113,-0.0258991,-2.37102,0.0340437,2.80187,-0.0741265,-2.81066e-06
-0.0185335,0.431121,-0.025899,-2.37102,0.0340268,2.80189,-0.0741596,1.3315e-05
-0.0185398,0.431131,-0.025885,-2.37101,0.034043,2.80188,-0.0741396,2.26084e-05
-0.0185432,0.431148,-0.0258783,-2.37101,0.0340352,2.80192,-0.0741618,-2.44216e-05
-0.0185481,0.431145,-0.0258692,-2.371,0.0340562,2.80189,-0.0741385,5.31177e-06
-0.0185534,0.431153,-0.0258598,-2.371,0.0340428,2.80192,-0.0741848,-2.4224e-05
-0.018564,0.431194,-0.0258367,-2.37099,0.0340568,2.80199,-0.0741748,-3.55741e-05
-0.0185902,0.431217,-0.0257811,-2.37098,0.0341156,2.80196,-0.0741226,2.86406e-05
-0.0186028,0.431254,-0.0257537,-2.37096,0.0340972,2.802,-0.0741674,2.41069e-05
-0.0186191,0.431266,-0.0257181,-2.37094,0.0341248,2.80195,-0.0741375,1.81477e-05
-0.018623,0.431263,-0.0257085,-2.37093,0.0341277,2.80191,-0.0741211,2.71112e-05
-0.0186233,0.431258,-0.0257065,-2.37093,0.0341135,2.80189,-0.0741313,3.04606e-05
-0.0186276,0.431279,-0.0256945,-2.37092,0.0340977,2.80193,-0.0741514,-2.05684e-05
-0.0186287,0.43131,-0.0256883,-2.37092,0.034089,2.80202,-0.0741503,-6.41423e-05
-0.0186418,0.431341,-0.0256574,-2.37091,0.0341252,2.80205,-0.0740978,1.58932e-06
-0.0186497,0.431355,-0.0256396,-2.37091,0.034115,2.8021,-0.0741288,7.13265e-06
-0.0186495,0.431355,-0.025639,-2.3709,0.0341311,2.80205,-0.0740791,4.47415e-05
-0.0186487,0.431359,-0.0256415,-2.37089,0.0341056,2.80205,-0.0741187,-1.28289e-05
-0.0186555,0.431371,-0.0256287,-2.37088,0.0341112,2.80206,-0.0741285,-4.47165e-05
-0.0186626,0.431366,-0.0256158,-2.37088,0.0341403,2.80203,-0.0741005,3.27976e-07
-0.01867,0.431363,-0.0256022,-2.37087,0.0341612,2.80199,-0.0740821,7.16604e-05
-0.0186789,0.431376,-0.0255822,-2.37086,0.0341634,2.8019,-0.0740812,8.65206e-05
-0.0186933,0.431414,-0.0255496,-2.37085,0.0341638,2.80189,-0.0741018,2.13706e-05
-0.0187001,0.431416,-0.0255337,-2.37086,0.0341751,2.8019,-0.0740977,-4.46383e-08
-0.0187024,0.431428,-0.0255274,-2.37087,0.0341571,2.802,-0.0741476,-4.42812e-05
-0.0187181,0.431432,-0.0254916,-2.37088,0.0342156,2.802,-0.0740846,2.71016e-05
-0.0187195,0.431437,-0.0254872,-2.3709,0.0341935,2.80206,-0.0741365,2.92733e-06
-0.0187179,0.431451,-0.0254886,-2.37091,0.034186,2.80212,-0.0741464,-4.18782e-05
-0.0187141,0.431473,-0.025493,-2.37091,0.0341835,2.80217,-0.074127,-5.00276e-05
-0.0187158,0.431492,-0.0254874,-2.37091,0.034178,2.80225,-0.0741364,-4.9511e-05
-0.0187317,0.431489,-0.0254547,-2.37091,0.0342355,2.80218,-0.07407,4.73192e-05
-0.0187355,0.431509,-0.0254466,-2.37089,0.0342027,2.80221,-0.0741283,1.74411e-05
-0.0187365,0.431509,-0.0254451,-2.37088,0.034217,2.80217,-0.0740945,5.20528e-06
-0.0187392,0.431505,-0.0254404,-2.37087,0.0342338,2.80211,-0.0740574,5.47999e-05
-0.0187545,0.431519,-0.0254085,-2.37085,0.0342357,2.80205,-0.0740785,7.47558e-05
-0.0187674,0.431558,-0.0253808,-2.37084,0.0342176,2.80212,-0.0741352,-2.78161e-05
-0.0187818,0.431597,-0.025349,-2.37083,0.0342413,2.80221,-0.0741228,-7.74053e-05
-0.0188006,0.4316,-0.0253089,-2.37084,0.0342978,2.80217,-0.0740691,3.01363e-05
-0.0188179,0.431604,-0.0252712,-2.37083,0.0343132,2.8021,-0.0740771,0.000104166
-0.0188345,0.431627,-0.025233,-2.37083,0.0343007,2.80215,-0.0741253,8.12259e-06
-0.0188385,0.431634,-0.0252188,-2.37084,0.0343147,2.80217,-0.0740847,-2.50489e-05
-0.018833,0.431633,-0.025225,-2.37084,0.0343085,2.80217,-0.0740538,4.00846e-05
-0.018841,0.43165,-0.0252026,-2.37084,0.034299,2.80218,-0.0740633,5.24836e-05
-0.0188446,0.431669,-0.0251912,-2.37084,0.0342956,2.80221,-0.0740589,5.33176e-06
-0.0188434,0.431684,-0.0251913,-2.37085,0.034261,2.80231,-0.0741187,-0.000105928
-0.0188508,0.431695,-0.0251718,-2.37085,0.0343207,2.80229,-0.0740131,1.72517e-05
-0.0188707,0.431712,-0.025128,-2.37085,0.0343434,2.80225,-0.0740094,0.000106945
-0.0188941,0.431737,-0.0250762,-2.37084,0.0343459,2.80222,-0.0740482,5.68921e-05
-0.0189181,0.431761,-0.025021,-2.37084,0.0343747,2.8022,-0.0740352,-1.71864e-06
-0.0189282,0.431766,-0.0249936,-2.37085,0.034383,2.8022,-0.0740216,1.95134e-05
-0.0189391,0.431776,-0.0249638,-2.37086,0.0343861,2.80222,-0.0740185,4.57597e-05
-0.0189495,0.431786,-0.0249341,-2.37087,0.0343933,2.80224,-0.0740052,3.3493e-05
-0.0189443,0.431784,-0.0249381,-2.3709,0.0343501,2.80234,-0.0740625,-7.66562e-05
-0.0189411,0.431781,-0.0249389,-2.37093,0.0343425,2.80244,-0.0740691,-0.000135604
-0.0189389,0.431789,-0.0249385,-2.37095,0.0343538,2.80254,-0.0740387,-9.11406e-05
-0.0189391,0.431815,-0.0249343,-2.37095,0.03435,2.80264,-0.0740283,-4.37311e-05
-0.0189507,0.431827,-0.0249081,-2.37094,0.0343979,2.80258,-0.0739459,5.2898e-05
-0.0189498,0.431856,-0.0249085,-2.37091,0.0343468,2.8026,-0.0740034,-5.77634e-07
-0.0189656,0.431879,-0.0248746,-2.37089,0.0343688,2.80257,-0.0739752,-3.26899e-05
-0.0189926,0.431915,-0.0248151,-2.37087,0.0344198,2.80244,-0.0739145,4.77215e-05
-0.018997,0.43193,-0.0248059,-2.37086,0.0343619,2.80249,-0.0740248,-4.21898e-05
-0.0190045,0.43193,-0.0247877,-2.37086,0.0344059,2.80248,-0.0739541,-3.79568e-05
-0.0190034,0.431938,-0.0247877,-2.37086,0.0344147,2.80248,-0.0739197,3.30127e-05
-0.0190035,0.431938,-0.0247879,-2.37087,0.0343619,2.80253,-0.0740293,-6.46266e-05
-0.018995,0.431964,-0.0248002,-2.37087,0.0343504,2.80263,-0.0740063,-0.00012983
-0.0190038,0.431978,-0.0247804,-2.37088,0.0343966,2.80268,-0.0739467,-7.59082e-05
-0.0190088,0.431997,-0.0247711,-2.37087,0.034391,2.8027,-0.0739712,-7.88525e-06
-0.019016,0.432009,-0.0247585,-2.37086,0.0343952,2.80271,-0.073988,-3.67043e-05
-0.0190335,0.432029,-0.0247217,-2.37084,0.0344569,2.80264,-0.0739033,3.24238e-05
-0.019045,0.432036,-0.024698,-2.37082,0.0344558,2.80257,-0.073914,8.80872e-05
-0.0190401,0.43205,-0.0247087,-2.37081,0.0343867,2.8026,-0.0740186,-6.1317e-05
-0.0190474,0.432058,-0.024694,-2.37081,0.0344109,2.80264,-0.0740035,-0.000165017
-0.0190502,0.432058,-0.0246891,-2.37082,0.0344462,2.80265,-0.0739607,-6.35527e-05
-0.0190576,0.432059,-0.024676,-2.37082,0.0344448,2.80267,-0.0740036,-1.08309e-05
-0.0190613,0.432065,-0.0246697,-2.37083,0.0344589,2.80269,-0.0739985,-3.90894e-05
-0.0190629,0.432081,-0.0246655,-2.37082,0.0344634,2.80271,-0.0739852,-5.45163e-05
-0.0190744,0.432083,-0.0246415,-2.37081,0.0344997,2.80266,-0.0739368,3.86164e-05
-0.0190727,0.432092,-0.0246468,-2.3708,0.0344649,2.80265,-0.0739945,6.74156e-06
-0.0190745,0.432095,-0.0246419,-2.37079,0.0344634,2.80267,-0.0739936,-5.55437e-05
-0.0190776,0.432097,-0.0246365,-2.3708,0.0344708,2.80268,-0.0739982,-8.48265e-05
-0.0190844,0.432108,-0.0246218,-2.3708,0.0344655,2.80274,-0.0740278,-8.33931e-05
-0.0191023,0.432115,-0.0245828,-2.37079,0.0345501,2.80265,-0.0739058,7.93973e-05
-0.0191147,0.432125,-0.0245564,-2.37078,0.0345459,2.8026,-0.0739284,0.000120246
-0.019132,0.43214,-0.0245175,-2.37076,0.0345458,2.80252,-0.0739464,6.51881e-05
-0.0191439,0.432151,-0.0244883,-2.37076,0.0345538,2.80249,-0.0739361,1.39082e-05
-0.0191423,0.432181,-0.0244857,-2.37077,0.0345189,2.80256,-0.0739713,-3.2872e-05
-0.0191458,0.432197,-0.0244753,-2.37079,0.0345097,2.80267,-0.0740064,-0.000107355
-0.0191485,0.432216,-0.0244671,-2.3708,0.0345468,2.80274,-0.0739554,-5.73614e-05
-0.0191625,0.432234,-0.024436,-2.37081,0.0345751,2.80279,-0.0739443,2.20768e-05
-0.0191701,0.432235,-0.0244183,-2.37081,0.0345924,2.80277,-0.0739197,7.99179e-05
-0.0191757,0.432236,-0.0244044,-2.3708,0.0345922,2.80273,-0.0739112,6.68658e-05
-0.0191753,0.43224,-0.0244041,-2.3708,0.0345452,2.80276,-0.0739886,-6.58491e-05
-0.0191733,0.432264,-0.0244035,-2.37079,0.0345416,2.8028,-0.0739615,-8.80652e-05
-0.0191838,0.432276,-0.0243784,-2.37079,0.0345986,2.80277,-0.0738662,5.06389e-05
-0.0191905,0.432304,-0.0243641,-2.37078,0.0345471,2.80284,-0.0739716,-9.02244e-06
-0.0191904,0.432308,-0.0243626,-2.37078,0.0345753,2.80284,-0.0739094,-1.90446e-05
-0.0191975,0.432306,-0.0243463,-2.37077,0.0346154,2.80277,-0.0738375,8.33489e-05
-0.0192268,0.432315,-0.0243098,-2.37079,0.034693,2.80282,-0.0739398,6.46286e-05
-0.0192499,0.432255,-0.0243098,-2.37074,0.0328689,2.80244,-0.0775219,0.0303444
-0.0193299,0.432301,-0.0241641,-2.37077,0.0344642,2.8027,-0.0750278,0.0629759
-0.0192479,0.432364,-0.0242415,-2.3707,0.0348551,2.80265,-0.0734593,0.081919
-0.0194483,0.432378,-0.0240632,-2.37071,0.0344092,2.80283,-0.0762531,0.0977853
-0.0195213,0.432386,-0.0240029,-2.37075,0.0346899,2.80286,-0.0765412,0.121827
-0.0194843,0.432384,-0.0240187,-2.37067,0.034768,2.80262,-0.0758353,0.146238
-0.0194267,0.432414,-0.0240904,-2.37062,0.0349275,2.80262,-0.0750427,0.168068
-0.0194152,0.432451,-0.024091,-2.37064,0.0346452,2.80274,-0.0754234,0.189148
-0.0194418,0.432466,-0.0240418,-2.3707,0.0344607,2.80292,-0.0759332,0.210725
-0.0194298,0.432479,-0.0240273,-2.37079,0.0346254,2.80313,-0.0754802,0.233253
-0.0195207,0.432473,-0.0239115,-2.37089,0.0347335,2.80345,-0.0760975,0.254613
-0.0194914,0.432538,-0.0239438,-2.37082,0.0344626,2.80355,-0.0762674,0.276571
-0.0194703,0.432591,-0.0239779,-2.37077,0.0348089,2.80354,-0.075471,0.299247
-0.0195792,0.432627,-0.0238611,-2.37075,0.0350613,2.80357,-0.0759396,0.321199
-0.0196398,0.432663,-0.0237838,-2.37074,0.0350504,2.80365,-0.0764108,0.343206
-0.0196353,0.432715,-0.0237753,-2.37072,0.0351218,2.80365,-0.0761545,0.365283
-0.0195756,0.432762,-0.0238223,-2.37072,0.0348134,2.80381,-0.0760971,0.387129
-0.0195381,0.432781,-0.0238567,-2.37074,0.0347488,2.80387,-0.075887,0.409096
-0.0195175,0.432817,-0.0238852,-2.37075,0.03474,2.80396,-0.0757799,0.431277
-0.0196604,0.432873,-0.0237785,-2.3708,0.0347503,2.8042,-0.0773495,0.451487
-0.0198518,0.432837,-0.0236545,-2.3709,0.035671,2.80441,-0.0779415,0.473143
-0.0199168,0.432902,-0.023563,-2.37073,0.0360473,2.80414,-0.0775003,0.49725
-0.0198759,0.432966,-0.0236032,-2.37048,0.0356106,2.80369,-0.0776192,0.519331
-0.0199606,0.433008,-0.0235366,-2.37038,0.035869,2.80353,-0.0779206,0.539662
-0.0200745,0.433059,-0.0234845,-2.37028,0.0354681,2.80358,-0.0799478,0.559455
-0.0201377,0.433078,-0.0233935,-2.37036,0.0358337,2.80399,-0.0797925,0.582
-0.0200849,0.433113,-0.0233968,-2.37028,0.0367943,2.80379,-0.0771942,0.607849
-0.0199701,0.433202,-0.0235198,-2.37011,0.0360359,2.80354,-0.0773749,0.630585
-0.0198332,0.433278,-0.0236993,-2.37004,0.0353495,2.80364,-0.0775506,0.650854
-0.0197464,0.433334,-0.0237779,-2.36997,0.0350053,2.80356,-0.0772562,0.671783
-0.0196698,0.433326,-0.0238692,-2.37001,0.0351113,2.80363,-0.0765003,0.695088
-0.0195375,0.433367,-0.0240399,-2.36999,0.0343693,2.80373,-0.0768428,0.717316
-0.0195247,0.433411,-0.0240613,-2.37004,0.0345451,2.80401,-0.0765217,0.738534
-0.0198511,0.433374,-0.0238455,-2.37017,0.0353429,2.80427,-0.0788567,0.757833
-0.0200312,0.43337,-0.0236765,-2.37024,0.0365494,2.80443,-0.0784738,0.782756
-0.0200287,0.433436,-0.0237083,-2.37013,0.0365557,2.80428,-0.0784899,0.806392
-0.0199878,0.433517,-0.0237523,-2.37005,0.0364278,2.80426,-0.0782847,0.827495
-0.0200117,0.433545,-0.0237288,-2.37,0.0361128,2.80412,-0.0790185,0.847631
-0.0199455,0.43353,-0.0238622,-2.36999,0.0359988,2.8042,-0.079003,0.869893
-0.0201398,0.433461,-0.0237999,-2.37008,0.0367862,2.80436,-0.0802214,0.890961
-0.0201762,0.433469,-0.0238148,-2.37009,0.0373807,2.80453,-0.0797994,0.914961
-0.0201304,0.433492,-0.0238828,-2.37006,0.0374554,2.8044,-0.0793399,0.938247
-0.0200803,0.433561,-0.0239273,-2.36999,0.0370666,2.8042,-0.0794764,0.959428
-0.0199599,0.433568,-0.02417,-2.36991,0.0360992,2.8041,-0.0807576,0.97876
-0.0200202,0.433526,-0.0241837,-2.37,0.0369929,2.80421,-0.0802249,1.00085
-0.0200332,0.433587,-0.0241608,-2.37006,0.0375568,2.80453,-0.0793484,1.02607
-0.0199375,0.433544,-0.0242948,-2.37009,0.0369902,2.80443,-0.0797554,1.04848
-0.0198407,0.433601,-0.0244082,-2.37008,0.0366481,2.80455,-0.0795834,1.06879
-0.0197732,0.433662,-0.0244636,-2.37006,0.0365162,2.80458,-0.0791231,1.09053
-0.0197606,0.433686,-0.0245077,-2.37009,0.0363277,2.8047,-0.0795795,1.11271
-0.0197775,0.433765,-0.0244648,-2.37005,0.0364501,2.80476,-0.0793195,1.13521
-0.0197055,0.433826,-0.0245609,-2.37001,0.0363852,2.80477,-0.0788813,1.15752
-0.0196381,0.43385,-0.0246516,-2.36996,0.0360677,2.80462,-0.0789281,1.17929
-0.0196151,0.433931,-0.0246675,-2.36991,0.0359658,2.80464,-0.0788082,1.20114
-0.0195592,0.433938,-0.0247552,-2.36986,0.0357904,2.80448,-0.0787466,1.22312
-0.0195932,0.434029,-0.0246857,-2.36983,0.0359127,2.80458,-0.0786079,1.24528
-0.0195592,0.43393,-0.0248411,-2.36989,0.0357831,2.8045,-0.0793021,1.26659
-0.01958,0.433954,-0.0248306,-2.36991,0.0360592,2.80455,-0.0790835,1.28898
-0.0195618,0.433981,-0.0248959,-2.36988,0.0360846,2.80454,-0.0791122,1.31132
-0.0195382,0.433989,-0.024958,-2.36988,0.0360865,2.80443,-0.0791138,1.33341
-0.0194729,0.433969,-0.0250763,-2.36989,0.0358498,2.80433,-0.0792769,1.35505
-0.0194666,0.433983,-0.0250919,-2.36997,0.0359302,2.80455,-0.0792207,1.37688
-0.0194735,0.434024,-0.0251004,-2.37001,0.0361198,2.80463,-0.0790867,1.39934
-0.0193579,0.433963,-0.0253275,-2.37007,0.0357583,2.80456,-0.0794015,1.42132
-0.0193685,0.434043,-0.0253051,-2.37007,0.035886,2.80467,-0.0792162,1.44307
-0.0193849,0.433998,-0.0254055,-2.37009,0.0359768,2.80462,-0.0799037,1.46428
-0.0194027,0.434034,-0.0254258,-2.37011,0.0362529,2.80469,-0.0798122,1.48709
-0.0194387,0.434,-0.0254188,-2.37013,0.0363669,2.80462,-0.0801267,1.50915
-0.0194387,0.434039,-0.0254418,-2.37013,0.036476,2.80473,-0.0800744,1.53116
-0.0193329,0.433957,-0.0256214,-2.37019,0.0361622,2.80449,-0.0801646,1.553
-0.0192775,0.433913,-0.0257296,-2.3703,0.0361928,2.80462,-0.0800462,1.57488
-0.0192266,0.433912,-0.0258078,-2.37039,0.0361037,2.80481,-0.0800075,1.59707
-0.0192145,0.433859,-0.0258489,-2.37042,0.0361514,2.80462,-0.0800134,1.61915
-0.0191206,0.433809,-0.0259961,-2.37053,0.0355882,2.80469,-0.0806049,1.64031
-0.0191192,0.43389,-0.0259787,-2.37056,0.036076,2.80497,-0.0796578,1.66289
-0.0191424,0.43396,-0.0259536,-2.37056,0.0361899,2.80511,-0.0796596,1.68566
-0.0191271,0.433986,-0.0260039,-2.37053,0.0359007,2.805,-0.0802122,1.7074
-0.0191091,0.434031,-0.02606,-2.3705,0.0360205,2.80493,-0.0800232,1.72892
-0.0191464,0.434064,-0.0260192,-2.37048,0.0361769,2.80494,-0.0800441,1.75101
-0.0191746,0.434095,-0.025998,-2.37046,0.0361823,2.80485,-0.0803116,1.77331
-0.0191736,0.434157,-0.0260332,-2.37044,0.0362823,2.80489,-0.0803063,1.7953
-0.0191525,0.434105,-0.026086,-2.3705,0.0361668,2.80485,-0.0805741,1.81685
-0.0191779,0.43411,-0.0260427,-2.37055,0.0363162,2.80488,-0.0804864,1.83894
-0.0191753,0.434118,-0.0260418,-2.37057,0.0362763,2.80487,-0.0805486,1.86113
-0.0192084,0.434205,-0.0259829,-2.37057,0.03641,2.80503,-0.0804635,1.88323
-0.0190872,0.434167,-0.0261378,-2.37063,0.0356809,2.80506,-0.0809448,1.90449
-0.0188585,0.43412,-0.0264013,-2.37082,0.0347738,2.80534,-0.0809258,1.92529
-0.0188773,0.434174,-0.0262872,-2.37091,0.0357316,2.80559,-0.0789235,1.94885
-0.0188949,0.434247,-0.0262641,-2.37089,0.035563,2.80566,-0.0793391,1.97214
-0.0189017,0.434271,-0.0262974,-2.37084,0.0352811,2.80554,-0.0800919,1.99333
-0.0189525,0.434368,-0.0262461,-2.37081,0.0356166,2.8057,-0.0799194,2.01437
-0.0189901,0.434359,-0.0262408,-2.37079,0.0358432,2.80561,-0.0800172,2.03686
-0.0190647,0.434365,-0.0261586,-2.37074,0.0359243,2.80543,-0.0804414,2.05934
-0.019158,0.434389,-0.0260508,-2.37072,0.0362032,2.8054,-0.0806856,2.08088
-0.019204,0.434402,-0.0260081,-2.37072,0.0364004,2.80542,-0.0807654,2.1028
-0.0192204,0.434402,-0.0260108,-2.37071,0.0364344,2.80528,-0.0809484,2.12502
-0.0192367,0.434425,-0.0259983,-2.37067,0.0364932,2.8051,-0.0809743,2.14709
-0.0192418,0.434438,-0.0260056,-2.37068,0.0365784,2.80505,-0.0809482,2.16904
-0.0192454,0.434465,-0.026014,-2.37069,0.0365805,2.80503,-0.0810663,2.19103
-0.0192508,0.434496,-0.0259969,-2.37073,0.0364936,2.80518,-0.0812495,2.21286
-0.0192472,0.434588,-0.0260009,-2.37079,0.0361825,2.80553,-0.081874,2.2338
-0.0192478,0.434616,-0.0259868,-2.37083,0.0366663,2.80571,-0.0809823,2.25661
-0.0192394,0.434663,-0.0259873,-2.37076,0.0364765,2.80568,-0.0811271,2.27921
-0.0192022,0.434687,-0.0260496,-2.37075,0.0363687,2.8056,-0.0811152,2.30107
-0.0190061,0.434671,-0.0262373,-2.37094,0.0350153,2.80612,-0.0819619,2.32112
-0.0189091,0.434719,-0.0263119,-2.37104,0.0357116,2.80645,-0.0798203,2.34416
-0.0189241,0.43477,-0.0262717,-2.37104,0.0358063,2.8065,-0.0796359,2.3678
-0.0189508,0.434876,-0.0262694,-2.37091,0.0352918,2.80642,-0.0808067,2.38911
-0.0190045,0.434957,-0.0261965,-2.37079,0.0356481,2.80626,-0.0804149,2.41024
-0.018996,0.434968,-0.0262116,-2.37071,0.0355614,2.806,-0.0804257,2.43241
-0.0190099,0.435016,-0.0262165,-2.37066,0.0357017,2.80592,-0.0803552,2.45515
-0.0190306,0.435071,-0.0262098,-2.37068,0.03571,2.80612,-0.0806524,2.47687
-0.0190499,0.435106,-0.0261935,-2.37066,0.0357664,2.80604,-0.0807167,2.49856
-0.0189093,0.435114,-0.0263475,-2.37074,0.0348243,2.80628,-0.0813197,2.51964
-0.0188461,0.435129,-0.0263984,-2.37078,0.0347036,2.80637,-0.0809409,2.54085
-0.0188597,0.435194,-0.0263633,-2.37076,0.0355716,2.80642,-0.0793557,2.56497
-0.0189131,0.435301,-0.0262996,-2.37063,0.0353588,2.8063,-0.080031,2.58792
-0.0189419,0.43536,-0.0262819,-2.37049,0.0350892,2.80597,-0.0806765,2.60862
-0.0189264,0.435403,-0.026298,-2.37046,0.0351404,2.80594,-0.0804219,2.62973
-0.0188363,0.435388,-0.026393,-2.37056,0.034389,2.80615,-0.081102,2.65108
-0.0188414,0.435411,-0.0263572,-2.37064,0.0351488,2.80637,-0.0796988,2.67456
-0.0188909,0.435417,-0.0263099,-2.37065,0.0354566,2.80627,-0.0796109,2.69766
-0.0189716,0.435463,-0.0262215,-2.37058,0.0352567,2.80611,-0.0805822,2.71902
-0.0190048,0.435516,-0.0262025,-2.37053,0.0353492,2.806,-0.0807471,2.74008
-0.0190317,0.435529,-0.0262025,-2.37054,0.0357251,2.80604,-0.0804828,2.76246
-0.0190257,0.435582,-0.0262251,-2.3706,0.0355095,2.80637,-0.0810011,2.78475
-0.0189889,0.435575,-0.0262649,-2.37073,0.0353526,2.80659,-0.081121,2.80622
-0.0189517,0.435649,-0.0263484,-2.37079,0.0357671,2.80689,-0.0803923,2.8286
-0.0190529,0.435651,-0.026239,-2.37081,0.0358968,2.80682,-0.0810457,2.85071
-0.0191257,0.435711,-0.0261692,-2.37076,0.0360214,2.80685,-0.0814556,2.8727
-0.0192589,0.435847,-0.0260255,-2.37055,0.0363132,2.80659,-0.0818379,2.89403
-0.0193219,0.435933,-0.0259531,-2.37044,0.0365995,2.8065,-0.0817204,2.91649
-0.0193374,0.435953,-0.0259501,-2.37041,0.0366872,2.80634,-0.0817311,2.93904
-0.0193733,0.436038,-0.0258779,-2.37031,0.0365242,2.80624,-0.0820326,2.96061
-0.0193469,0.436052,-0.0258846,-2.37043,0.0363805,2.8066,-0.0820909,2.98195
-0.0192824,0.436074,-0.0259461,-2.37054,0.0363733,2.80686,-0.081636,3.00436
-0.0193392,0.436193,-0.0258849,-2.37036,0.0363042,2.80662,-0.0820476,3.0261
-0.0192683,0.436251,-0.025974,-2.37029,0.0360613,2.80646,-0.0818764,3.04823
-0.0191335,0.436275,-0.0261029,-2.37031,0.0355012,2.80646,-0.08165,3.0699
-0.0189494,0.436328,-0.0263074,-2.37045,0.0349473,2.80696,-0.0812782,3.09144
-0.0189325,0.436422,-0.0262853,-2.37049,0.035404,2.80723,-0.0801297,3.11452
-0.0189559,0.436429,-0.0262637,-2.37048,0.0353939,2.80708,-0.0803568,3.13728
-0.0190284,0.436468,-0.0261824,-2.37042,0.035359,2.80698,-0.0809646,3.15865
-0.0191821,0.43661,-0.0260154,-2.3702,0.0354827,2.80678,-0.0818142,3.17906
-0.0192455,0.436645,-0.0259457,-2.3702,0.0360416,2.80684,-0.0813449,3.20199
-0.0192529,0.436689,-0.0259692,-2.37023,0.0362673,2.80696,-0.0812264,3.22529
-0.0192628,0.436726,-0.0259759,-2.37024,0.0361639,2.80702,-0.0816203,3.24696
-0.0191946,0.436856,-0.0261037,-2.37021,0.0359774,2.80724,-0.0816688,3.2682
-0.0191558,0.436954,-0.0261642,-2.37011,0.0358097,2.80713,-0.0816486,3.28998
-0.019157,0.437035,-0.0261475,-2.37,0.0358276,2.80693,-0.0814145,3.31242
-0.0191812,0.43711,-0.0261205,-2.36993,0.035943,2.80686,-0.0813348,3.33465
-0.0192194,0.437121,-0.0260752,-2.36991,0.0359464,2.80673,-0.0816066,3.3564
-0.0192436,0.437139,-0.0260505,-2.36996,0.0361103,2.80681,-0.0815903,3.37843
-0.0192247,0.43716,-0.0260635,-2.37006,0.0359248,2.80711,-0.0818472,3.40027
-0.0191895,0.437161,-0.0261036,-2.3701,0.0358459,2.80712,-0.0817382,3.42213
-0.0191756,0.437225,-0.0261038,-2.37021,0.0359363,2.80756,-0.0815126,3.44425
-0.0192592,0.437271,-0.026027,-2.37022,0.0359729,2.80767,-0.0822623,3.46559
-0.0193024,0.437323,-0.0259778,-2.37015,0.0362098,2.80758,-0.0821216,3.488
-0.0193264,0.437373,-0.0259388,-2.37011,0.0364759,2.8075,-0.0817299,3.51076
-0.0194746,0.437423,-0.0258365,-2.36991,0.0361338,2.80704,-0.0837262,3.53043
-0.0194762,0.437484,-0.0258225,-2.3699,0.0366463,2.80709,-0.0827309,3.55334
-0.0195016,0.437545,-0.0257487,-2.36988,0.0370102,2.80714,-0.0820041,3.57698
-0.019446,0.437579,-0.0258435,-2.36987,0.0366407,2.80716,-0.0823965,3.59904
-0.019421,0.437597,-0.0258691,-2.36994,0.036498,2.80732,-0.0825179,3.62
-0.0194345,0.437632,-0.0258337,-2.37004,0.0365291,2.80767,-0.0825806,3.64149
-0.0193725,0.437687,-0.0259339,-2.37008,0.0365236,2.80782,-0.0823047,3.66436
-0.0193302,0.437732,-0.0259888,-2.37011,0.0364316,2.80802,-0.0822139,3.68666
-0.0192892,0.437814,-0.0260439,-2.37011,0.0363637,2.80816,-0.0820603,3.70845
-0.0192654,0.437829,-0.0260541,-2.37015,0.0360229,2.80833,-0.0824331,3.72975
-0.0192154,0.437913,-0.0261295,-2.37006,0.036003,2.80826,-0.0820696,3.75192
-0.019212,0.43797,-0.0261164,-2.37005,0.0360522,2.80839,-0.0818514,3.7743
-0.0192133,0.438001,-0.0261211,-2.37002,0.0360881,2.80823,-0.0817965,3.79657
-0.019262,0.43804,-0.0260642,-2.36992,0.0360446,2.80801,-0.0821484,3.81812
-0.0193345,0.438064,-0.0259678,-2.36985,0.0361951,2.80785,-0.0823166,3.83979
-0.0193634,0.438119,-0.0259547,-2.36974,0.0362572,2.80759,-0.0824299,3.8619
-0.0193477,0.438181,-0.02595,-2.36977,0.0361503,2.80783,-0.0824112,3.88406
-0.0193342,0.438241,-0.025951,-2.36982,0.036284,2.80807,-0.0820353,3.90627
-0.0193215,0.438296,-0.0259808,-2.36983,0.0362481,2.80828,-0.0821114,3.92829
-0.0193487,0.438349,-0.0259519,-2.36978,0.0361986,2.80824,-0.0823823,3.95006
-0.0193603,0.438408,-0.0259543,-2.36971,0.036315,2.80812,-0.0822894,3.97208
-0.0193468,0.438501,-0.0259763,-2.36972,0.0362909,2.80832,-0.0822883,3.99422
-0.0193904,0.438543,-0.0259202,-2.3697,0.0364072,2.8083,-0.0823711,4.01619
-0.0194069,0.438593,-0.0258988,-2.3696,0.0363255,2.80815,-0.0825359,4.03805
-0.0194327,0.438667,-0.0258501,-2.36951,0.0363763,2.80801,-0.0824361,4.06004
-0.0194046,0.438725,-0.0258911,-2.36959,0.0363236,2.80838,-0.0824571,4.08202
-0.0193614,0.438768,-0.0259296,-2.3696,0.0359949,2.80847,-0.0826602,4.10369
-0.0193665,0.438819,-0.0259252,-2.36968,0.0362852,2.80876,-0.0822844,4.12575
-0.0193468,0.438842,-0.0259577,-2.36975,0.0362895,2.80894,-0.0822673,4.14825
-0.0193592,0.438898,-0.0259444,-2.36971,0.0362476,2.80881,-0.0824024,4.1703
-0.0193944,0.43894,-0.0258891,-2.36963,0.0362753,2.80869,-0.0824682,4.19191
-0.0194011,0.438982,-0.0258736,-2.36957,0.0362404,2.80861,-0.0824704,4.21384
-0.0194046,0.438993,-0.0258766,-2.36955,0.0363627,2.80852,-0.0823009,4.23619
-0.0194517,0.439034,-0.0258056,-2.36953,0.0364101,2.80849,-0.0824826,4.25818
-0.0194407,0.43911,-0.0258286,-2.36954,0.0363518,2.80872,-0.0825764,4.28003
-0.0193912,0.439196,-0.025904,-2.3696,0.0362626,2.80905,-0.0825271,4.30191
-0.0192878,0.439217,-0.0260406,-2.36955,0.0354926,2.80902,-0.0831251,4.3229
-0.0193125,0.439274,-0.0259832,-2.36941,0.0359863,2.80868,-0.0821055,4.34532
-0.01935,0.439313,-0.0259403,-2.36936,0.0362761,2.80856,-0.0818402,4.36852
-0.0194182,0.439385,-0.025837,-2.36927,0.0360742,2.8084,-0.0825131,4.39045
-0.019373,0.439452,-0.0259337,-2.36926,0.0358567,2.8085,-0.0827946,4.41126
-0.0193517,0.4395,-0.0259687,-2.3693,0.0361459,2.80867,-0.0822153,4.43349
-0.0194324,0.439479,-0.0258803,-2.36946,0.036327,2.80902,-0.082769,4.45572
-0.0194189,0.43948,-0.0259118,-2.36954,0.0360901,2.80911,-0.0832715,4.47753
-0.0194549,0.439548,-0.0258509,-2.36943,0.0363533,2.80896,-0.0828525,4.49933
-0.0194509,0.439577,-0.0258594,-2.36948,0.036342,2.8092,-0.082934,4.5214
-0.0196176,0.439651,-0.0257173,-2.36932,0.0366901,2.8089,-0.0837654,4.54284
-0.0196317,0.439704,-0.0256976,-2.36907,0.0363263,2.80833,-0.0842225,4.56464
-0.0196107,0.439761,-0.0256716,-2.36915,0.0368066,2.80864,-0.0829918,4.58753
-0.0195082,0.439759,-0.0257709,-2.36926,0.0364789,2.80893,-0.0827808,4.61017
-0.0195334,0.439793,-0.0257339,-2.36922,0.0363811,2.8088,-0.08307,4.63163
-0.0194555,0.43986,-0.0258513,-2.36933,0.0363197,2.80923,-0.0828553,4.65353
-0.0194749,0.439876,-0.0258105,-2.36946,0.0361913,2.80956,-0.0832911,4.67502
-0.0196698,0.439958,-0.0256088,-2.36935,0.0367335,2.80944,-0.0839161,4.69636
-0.0197236,0.440022,-0.0255612,-2.36921,0.0371,2.80913,-0.0836143,4.71965
-0.0197209,0.440035,-0.0255775,-2.36923,0.0358325,2.80925,-0.0859885,4.73879
-0.0196479,0.440092,-0.0256037,-2.36925,0.0369529,2.80932,-0.0830596,4.76256
-0.0196582,0.440112,-0.0255737,-2.36921,0.0372637,2.80913,-0.0824201,4.78694
-0.0196123,0.440122,-0.0256323,-2.36935,0.0364268,2.80956,-0.0837733,4.80839
-0.0195878,0.440144,-0.0256313,-2.36944,0.0365349,2.80974,-0.0833117,4.82895
-0.0195033,0.440218,-0.0257458,-2.36919,0.0358219,2.80923,-0.0837296,4.84988
-0.0194124,0.440312,-0.0258269,-2.36913,0.0359412,2.80926,-0.0825713,4.87342
-0.0193662,0.440324,-0.0258592,-2.36925,0.0360249,2.80958,-0.0820743,4.89636
-0.0193799,0.440343,-0.0258525,-2.36935,0.0359087,2.80983,-0.0825667,4.91776
-0.0193813,0.440355,-0.0258665,-2.36941,0.0360282,2.80991,-0.0825292,4.93956
-0.0194665,0.440409,-0.0257551,-2.36936,0.0362514,2.80983,-0.0826866,4.96163
-0.0194149,0.440463,-0.0258184,-2.3694,0.0357961,2.81005,-0.0831698,4.98333
-0.0192897,0.440528,-0.025945,-2.36942,0.0354472,2.81017,-0.0827223,5.00501
-0.0192015,0.440573,-0.0260154,-2.36946,0.0355346,2.81033,-0.0817159,5.02763
-0.0192244,0.440657,-0.025972,-2.36926,0.0350166,2.80997,-0.0825038,5.04904
-0.0192253,0.440725,-0.0260176,-2.36909,0.0353311,2.80955,-0.0820247,5.07124
-0.0192661,0.440774,-0.0259959,-2.36905,0.0357539,2.80951,-0.0816984,5.09407
-0.0193469,0.440835,-0.0259105,-2.36902,0.0356964,2.80962,-0.08248,5.11594
-0.0195225,0.440924,-0.0257474,-2.36884,0.0359697,2.80928,-0.0834459,5.13651
-0.0195901,0.440999,-0.0256616,-2.36873,0.0361958,2.80905,-0.0834144,5.15867
-0.0195612,0.441017,-0.0256858,-2.36885,0.0363916,2.80932,-0.0829149,5.1818
-0.0195343,0.441041,-0.0257148,-2.36898,0.0364378,2.80972,-0.0827604,5.20421
-0.0194741,0.441093,-0.0258205,-2.36896,0.0360146,2.80967,-0.0832369,5.22533
-0.0194404,0.441143,-0.0258587,-2.36896,0.0360561,2.80979,-0.0828937,5.24714
-0.0194818,0.441189,-0.0258033,-2.36897,0.0363125,2.80995,-0.0827429,5.26961
-0.0195273,0.441213,-0.0257508,-2.369,0.0362863,2.81006,-0.0831995,5.29168
-0.0194949,0.441223,-0.0257765,-2.36906,0.0360425,2.81016,-0.0833745,5.3132
-0.019527,0.441249,-0.0257078,-2.36907,0.0363619,2.8101,-0.0828927,5.33521
-0.0196185,0.441336,-0.0256297,-2.36888,0.0362536,2.80986,-0.0837793,5.35665
-0.0197623,0.441412,-0.0254748,-2.36877,0.0368136,2.80973,-0.0838741,5.37885
-0.0197739,0.441497,-0.0254775,-2.36875,0.0371356,2.80985,-0.0834747,5.40196
-0.0197538,0.441534,-0.0255204,-2.36873,0.0368699,2.80983,-0.0838848,5.42374
-0.0197678,0.441575,-0.0254941,-2.36872,0.0368992,2.80983,-0.0838772,5.44511
-0.0198103,0.441604,-0.0254404,-2.36871,0.0370675,2.80977,-0.0838864,5.46706
-0.0198773,0.441672,-0.0254136,-2.36862,0.037114,2.8096,-0.0845459,5.48882
-0.0199191,0.441711,-0.0253802,-2.36865,0.0373567,2.80972,-0.0845794,5.51098
-0.0199181,0.441732,-0.0253658,-2.36874,0.0375685,2.80996,-0.0842033,5.53359
-0.0198915,0.441735,-0.0253645,-2.36881,0.0373935,2.81,-0.0842025,5.55575
-0.0199014,0.441816,-0.0254017,-2.36872,0.0371595,2.81008,-0.0848993,5.57646
-0.0197341,0.441874,-0.0255561,-2.36869,0.0362119,2.81016,-0.0849938,5.59776
-0.0196442,0.441924,-0.0256102,-2.36877,0.0368757,2.8104,-0.0828828,5.62137
-0.0195203,0.44196,-0.0257446,-2.36889,0.0362779,2.81078,-0.0830611,5.64414
-0.0194657,0.44204,-0.0258311,-2.36876,0.0357085,2.81059,-0.0836332,5.66491
-0.0194577,0.442067,-0.0258168,-2.36878,0.0360795,2.81063,-0.0827918,5.68673
-0.0196205,0.442151,-0.0256745,-2.36867,0.0356359,2.81057,-0.0850581,5.70658
-0.0196691,0.442225,-0.0256028,-2.36867,0.0366205,2.81064,-0.0835913,5.73073
-0.0198733,0.442307,-0.0253787,-2.3686,0.0370417,2.81061,-0.0844863,5.75269
-0.0198802,0.442339,-0.0253882,-2.36857,0.037135,2.8105,-0.0844481,5.7753
-0.0198791,0.442386,-0.0253711,-2.36855,0.0372712,2.81048,-0.0840624,5.79744
-0.0197751,0.442408,-0.0254923,-2.36863,0.0368103,2.81075,-0.0841565,5.81914
-0.0196139,0.44242,-0.0256592,-2.36877,0.0362435,2.81108,-0.0839417,5.8408
-0.0195607,0.442449,-0.0256889,-2.36885,0.0364873,2.8112,-0.0829809,5.86331
-0.019636,0.442497,-0.025653,-2.36873,0.0364419,2.8109,-0.0838308,5.88484
-0.0196792,0.442541,-0.0256188,-2.36866,0.0366053,2.81071,-0.0839049,5.90714
-0.0196737,0.44257,-0.02562,-2.36877,0.0367587,2.81105,-0.0836847,5.92938
-0.0198084,0.442613,-0.0254933,-2.36876,0.0369855,2.81114,-0.0845304,5.95043
-0.0198606,0.442688,-0.0254367,-2.36866,0.0372144,2.81109,-0.0844582,5.97301
-0.0199237,0.442793,-0.0253621,-2.36855,0.0374445,2.81107,-0.0844182,5.99539
-0.0199326,0.442792,-0.0253528,-2.36851,0.0374058,2.8108,-0.0845259,6.01733
-0.0198838,0.442813,-0.0253921,-2.36848,0.0370501,2.81064,-0.0846345,6.0389
-0.0198889,0.442889,-0.0253657,-2.36841,0.0371306,2.8106,-0.0843305,6.06074
-0.019861,0.442951,-0.0253966,-2.36831,0.0364934,2.81045,-0.0851393,6.08178
-0.0199097,0.443022,-0.0253171,-2.36831,0.0372111,2.8106,-0.0841132,6.1046
-0.0199199,0.443045,-0.025297,-2.3684,0.03742,2.81092,-0.0838802,6.12789
-0.0199766,0.443063,-0.025235,-2.36843,0.0372324,2.81102,-0.0847448,6.14928
-0.0199566,0.443126,-0.0252685,-2.36844,0.0372134,2.81118,-0.0846963,6.17057
-0.0199514,0.443149,-0.0252601,-2.3685,0.0372681,2.81142,-0.0845552,6.19256
-0.0202399,0.443203,-0.0249628,-2.36852,0.0370149,2.81156,-0.0875867,6.21113
-0.0203583,0.443228,-0.0248266,-2.36853,0.0370922,2.81165,-0.088424,6.23188
-0.0205044,0.443247,-0.0246239,-2.36884,0.0380313,2.81255,-0.0880856,6.25445
-0.0204806,0.443319,-0.0246403,-2.36887,0.0381976,2.81277,-0.0875863,6.27858
-0.020343,0.443372,-0.0247727,-2.36897,0.0388062,2.81315,-0.0853553,6.30369
-0.0204084,0.443513,-0.0246867,-2.36871,0.0387735,2.81282,-0.0855808,6.3255
-0.0203394,0.443601,-0.024788,-2.36848,0.0381448,2.81238,-0.0860215,6.34665
-0.0202123,0.44364,-0.0249221,-2.36839,0.0377677,2.81218,-0.0854973,6.3683
-0.0201338,0.443668,-0.0250042,-2.36848,0.0377702,2.81243,-0.0849223,6.39061
-0.0201464,0.443712,-0.024956,-2.36836,0.0376046,2.81195,-0.0849885,6.41298
-0.0200498,0.443797,-0.0250867,-2.36826,0.0374036,2.8119,-0.0845785,6.43532
-0.020099,0.443812,-0.0250339,-2.36821,0.0374712,2.81173,-0.084822,6.45652
-0.0200578,0.443836,-0.0250758,-2.36825,0.0372979,2.8118,-0.0848167,6.4787
-0.0200689,0.443887,-0.0250619,-2.36818,0.0373684,2.81173,-0.0846947,6.50086
-0.020133,0.443881,-0.024995,-2.36813,0.0375611,2.81149,-0.084846,6.5227
-0.0200985,0.443948,-0.0250615,-2.36805,0.0372274,2.81143,-0.0852376,6.54443
-0.0201554,0.443973,-0.0250051,-2.36804,0.0376542,2.81134,-0.0849732,6.56641
-0.0201606,0.443996,-0.0249901,-2.36808,0.0377387,2.81143,-0.084866,6.58909
-0.0202345,0.444026,-0.0249503,-2.36803,0.0376264,2.8113,-0.0858703,6.6101
-0.0203235,0.444096,-0.0248508,-2.36806,0.0382101,2.8115,-0.0856083,6.6322
-0.0203918,0.444129,-0.0247941,-2.36807,0.0385566,2.81152,-0.0856871,6.65494
-0.0203885,0.444152,-0.024801,-2.36814,0.0384304,2.81172,-0.085993,6.67718
-0.0203685,0.444164,-0.02481,-2.36825,0.0384046,2.81205,-0.0859343,6.69863
-0.0203026,0.444257,-0.0248698,-2.36818,0.0381192,2.81211,-0.0857457,6.72048
-0.0201914,0.444325,-0.0249944,-2.36817,0.0378324,2.81227,-0.0853492,6.74279
-0.0201086,0.444372,-0.0250841,-2.36824,0.0373451,2.81261,-0.085623,6.76405
-0.02003,0.444523,-0.0251505,-2.36808,0.0371938,2.81253,-0.0849436,6.78625
-0.0200161,0.444604,-0.0251752,-2.36798,0.0372229,2.81248,-0.0847235,6.80845
-0.0200329,0.444618,-0.0251963,-2.3679,0.0373441,2.81221,-0.0847803,6.83079
-0.0200692,0.444656,-0.025183,-2.36791,0.0373748,2.81234,-0.0852139,6.85249
-0.0200773,0.444671,-0.0251675,-2.36805,0.037572,2.81273,-0.0850558,6.87463
-0.0200458,0.444719,-0.0251899,-2.36805,0.0373351,2.81273,-0.0851548,6.89662
-0.0199787,0.444762,-0.0252778,-2.36806,0.0372847,2.81283,-0.0847846,6.91875
-0.0199832,0.444802,-0.0252636,-2.36814,0.0373328,2.81309,-0.0847866,6.94063
-0.0200032,0.444864,-0.0252547,-2.36798,0.0371249,2.8127,-0.0852212,6.96227
-0.019988,0.444908,-0.0252606,-2.36797,0.0372466,2.81277,-0.0848007,6.98458
-0.0200132,0.444968,-0.0252469,-2.36786,0.0372516,2.81255,-0.0849727,7.00642
-0.0200135,0.445031,-0.0252533,-2.36776,0.037185,2.81237,-0.0850148,7.0285
-0.0200109,0.445071,-0.0252403,-2.36775,0.0373348,2.81233,-0.0846239,7.05089
-0.0199674,0.445168,-0.0253065,-2.36762,0.0370071,2.81231,-0.0848188,7.0727
-0.0199044,0.445144,-0.0253628,-2.36785,0.0368145,2.81278,-0.0848401,7.0942
-0.0199072,0.445177,-0.0253353,-2.36794,0.0370073,2.81307,-0.0844899,7.11638
-0.020081,0.445206,-0.0251432,-2.36793,0.0372801,2.81303,-0.085434,7.13773
-0.020193,0.445273,-0.02499,-2.36787,0.037567,2.81296,-0.0856134,7.16011
-0.020219,0.445343,-0.0249719,-2.3678,0.0379902,2.81287,-0.0850614,7.18301
-0.0201876,0.44535,-0.0250077,-2.36801,0.037726,2.81343,-0.0855333,7.20468
-0.0201673,0.445389,-0.0250237,-2.36809,0.0377086,2.81373,-0.0854669,7.22632
-0.0201547,0.445409,-0.0250041,-2.36818,0.0376767,2.81398,-0.085337,7.2483
-0.0201179,0.445437,-0.0250396,-2.36815,0.0374513,2.81391,-0.0853789,7.27033
-0.0200691,0.44547,-0.0251095,-2.36813,0.0374482,2.81382,-0.0850521,7.29247
-0.0200996,0.445531,-0.0250684,-2.36794,0.0374285,2.81336,-0.0850762,7.3144
-0.0200594,0.445613,-0.0251104,-2.36786,0.037218,2.81333,-0.0850248,7.3365
-0.0200522,0.445677,-0.0251124,-2.36779,0.037205,2.81321,-0.0848735,7.35837
-0.0199376,0.445718,-0.0252613,-2.36791,0.0367917,2.81358,-0.0849512,7.38011
-0.0199182,0.445821,-0.0253005,-2.36777,0.0367829,2.8134,-0.0847507,7.40197
-0.0199111,0.445895,-0.0252934,-2.36776,0.0369504,2.81345,-0.0843094,7.42463
-0.0198987,0.445905,-0.0253131,-2.36781,0.0369076,2.81349,-0.0843736,7.44694
-0.0198608,0.445977,-0.0253774,-2.36776,0.0365903,2.81358,-0.0847119,7.46832
-0.0198037,0.446032,-0.0254638,-2.3678,0.0366396,2.81375,-0.0843477,7.49017
-0.0198712,0.446044,-0.0253584,-2.3678,0.0368138,2.81369,-0.0844168,7.51234
-0.0197568,0.446069,-0.0255087,-2.36776,0.0357727,2.81362,-0.0854358,7.53328
-0.0196164,0.446145,-0.0256287,-2.36782,0.0358541,2.81394,-0.0839987,7.55547
-0.0196131,0.446255,-0.0256217,-2.36774,0.0362869,2.81396,-0.0830467,7.57874
-0.0196557,0.446279,-0.0255854,-2.36775,0.0361016,2.81398,-0.0838127,7.60114
-0.0197165,0.44629,-0.0255532,-2.36775,0.0362976,2.81391,-0.0841806,7.62238
-0.0199737,0.446398,-0.0252813,-2.36763,0.0369784,2.81381,-0.0850385,7.64315
-0.0200812,0.4464,-0.0251925,-2.36759,0.0372339,2.81355,-0.0855929,7.66577
-0.0201562,0.446429,-0.0250819,-2.36767,0.0376873,2.8138,-0.0853456,7.68866
-0.020167,0.44649,-0.0250527,-2.36777,0.037804,2.81422,-0.0852513,7.71076
-0.0202521,0.446521,-0.0249831,-2.36779,0.0378785,2.81427,-0.0859986,7.73176
-0.0201767,0.446599,-0.0250708,-2.36776,0.0374199,2.81441,-0.0862021,7.75358
-0.0199823,0.446627,-0.0252812,-2.3677,0.0368905,2.81421,-0.0854496,7.77574
-0.0201201,0.446722,-0.0251056,-2.3675,0.0374335,2.81401,-0.0852511,7.79729
-0.0201995,0.446734,-0.0250008,-2.36746,0.0376841,2.81384,-0.0853084,7.82044
-0.0202643,0.446796,-0.0249235,-2.36744,0.037762,2.81392,-0.0856584,7.84266
-0.0202369,0.446781,-0.0249834,-2.36753,0.0378177,2.81409,-0.0856152,7.86421
-0.0203078,0.446823,-0.0248828,-2.36763,0.0378781,2.81448,-0.0860919,7.88547
-0.0203468,0.446938,-0.0248712,-2.36749,0.0379633,2.81431,-0.0863028,7.90759
-0.020501,0.446961,-0.0247059,-2.36741,0.0384958,2.81406,-0.0865568,7.92961
-0.0205867,0.447004,-0.0246298,-2.36727,0.0388045,2.81377,-0.086663,7.95216
-0.0205392,0.447045,-0.0246786,-2.36729,0.0387081,2.81387,-0.0864535,7.97471
-0.0204955,0.44712,-0.0247369,-2.36716,0.0383454,2.81362,-0.0866526,7.99589
-0.0204062,0.447211,-0.0248217,-2.36698,0.0379418,2.81331,-0.0863487,8.01753
-0.0202842,0.447282,-0.0249337,-2.36678,0.0371905,2.81287,-0.0863204,8.03903
-0.0202231,0.447395,-0.0249484,-2.36676,0.0376083,2.81308,-0.0847486,8.06231
-0.0201556,0.447382,-0.0250269,-2.36701,0.0374297,2.81365,-0.084826,8.0849
-0.0202367,0.4474,-0.024946,-2.36699,0.0372771,2.81349,-0.0858104,8.10571
-0.0203436,0.447443,-0.0248248,-2.36702,0.0376764,2.81356,-0.0860082,8.12699
-0.0204173,0.447556,-0.0247626,-2.36699,0.0381254,2.81381,-0.0859126,8.14983
-0.0203674,0.447544,-0.0248727,-2.36705,0.0379196,2.81387,-0.0862601,8.17226
-0.0204186,0.447547,-0.0248223,-2.36738,0.0379408,2.81476,-0.0870832,8.19261
-0.0203172,0.4476,-0.0249003,-2.36749,0.0378301,2.81514,-0.086389,8.21514
-0.0202333,0.447674,-0.0249521,-2.36755,0.0379768,2.8154,-0.0852652,8.2387
-0.0201424,0.447717,-0.0250684,-2.36752,0.0375735,2.81539,-0.0853117,8.26081
-0.020117,0.447743,-0.0250987,-2.36749,0.0371135,2.81531,-0.0859122,8.28128
-0.0201011,0.447799,-0.0251006,-2.36747,0.0374207,2.8153,-0.0851166,8.30362
-0.0203731,0.447891,-0.0248407,-2.36733,0.0371796,2.81514,-0.0878927,8.32287
-0.0203781,0.447915,-0.0247965,-2.36748,0.0375423,2.81558,-0.0872365,8.34583
-0.0203537,0.447932,-0.0247456,-2.36762,0.0385662,2.81597,-0.0849078,8.37109
-0.0202978,0.44796,-0.024797,-2.36768,0.0379274,2.81617,-0.0856094,8.39335
-0.0204017,0.448022,-0.0247137,-2.36747,0.0376641,2.81571,-0.0868937,8.41257
-0.0203615,0.448122,-0.0247308,-2.36749,0.0378445,2.81599,-0.0861158,8.43472
-0.0203906,0.448161,-0.0246776,-2.36747,0.0381939,2.81594,-0.0855773,8.45833
-0.0204268,0.448222,-0.0246698,-2.3674,0.0376614,2.8159,-0.0869564,8.47928
-0.0203694,0.448283,-0.0247075,-2.36748,0.0374237,2.81628,-0.086873,8.5001
-0.0202998,0.448379,-0.0247951,-2.36737,0.0380007,2.81618,-0.0851911,8.52371
-0.0202354,0.448476,-0.0248634,-2.36712,0.0374203,2.81571,-0.085406,8.54678
-0.0203199,0.448488,-0.0248017,-2.3671,0.0374335,2.81561,-0.0862434,8.56704
-0.0202412,0.448477,-0.0248985,-2.36721,0.0374051,2.81572,-0.0858286,8.58897
-0.020123,0.448511,-0.0250176,-2.36729,0.0370939,2.81603,-0.0854544,8.61172
-0.0201409,0.448567,-0.0249834,-2.3672,0.0372075,2.81591,-0.0852135,8.63384
-0.0201666,0.448622,-0.0249308,-2.3672,0.0373091,2.81596,-0.0851004,8.65597
-0.0201524,0.448649,-0.0249456,-2.36718,0.0371848,2.81582,-0.0851854,8.67805
-0.0200974,0.448666,-0.0250251,-2.36726,0.0371082,2.81597,-0.0850711,8.69999
-0.0201036,0.44873,-0.0250027,-2.36721,0.0370342,2.81602,-0.0851179,8.72173
-0.0200663,0.448781,-0.0250595,-2.3672,0.0369608,2.81607,-0.0850328,8.74379
-0.0201204,0.448817,-0.0250042,-2.36716,0.0371455,2.81598,-0.0851366,8.76571
-0.0201347,0.448851,-0.0249858,-2.36719,0.0371686,2.81612,-0.0852315,8.78788
-0.0202876,0.448876,-0.0248424,-2.36717,0.03751,2.81609,-0.086019,8.80898
-0.0203376,0.448947,-0.0248181,-2.36707,0.0378619,2.81593,-0.0858742,8.83168
-0.0203256,0.449022,-0.0248441,-2.36702,0.0378678,2.81598,-0.0857904,8.8543
-0.0203056,0.449092,-0.02487,-2.36702,0.0378323,2.81609,-0.0857169,8.87614
-0.0203673,0.449145,-0.0248178,-2.36683,0.0377286,2.81563,-0.0862906,8.89711
-0.0203932,0.449206,-0.0247836,-2.36679,0.0379695,2.81556,-0.0859945,8.91956
-0.0203318,0.449215,-0.024835,-2.36695,0.0376999,2.81595,-0.08608,8.94184
-0.020299,0.449267,-0.0248633,-2.36699,0.037795,2.81613,-0.085646,8.96395
-0.0202625,0.449333,-0.0249063,-2.36693,0.0374896,2.81611,-0.085851,8.98554
-0.0202624,0.44944,-0.0249024,-2.3668,0.0374482,2.81605,-0.0857626,9.00743
-0.0203566,0.44947,-0.0247747,-2.36681,0.0376149,2.81601,-0.0861106,9.029
-0.0203589,0.449516,-0.0247496,-2.36676,0.0375725,2.81591,-0.0860299,9.05141
-0.020358,0.449536,-0.0247395,-2.36671,0.0377251,2.81572,-0.0856246,9.07383
-0.0203292,0.449538,-0.0247553,-2.36686,0.0376977,2.81608,-0.0855216,9.09598
-0.020301,0.449601,-0.024788,-2.36681,0.0373057,2.81598,-0.0859556,9.11733
-0.0202499,0.449638,-0.024821,-2.36689,0.0372799,2.81624,-0.0855411,9.13925
-0.0203313,0.449654,-0.024709,-2.36701,0.037336,2.81654,-0.0861329,9.16048
-0.0203567,0.449741,-0.0247051,-2.36681,0.0371785,2.81621,-0.086542,9.1823
-0.0203501,0.449765,-0.0246983,-2.36671,0.0375655,2.81591,-0.0855896,9.20537
-0.0202676,0.449861,-0.0247939,-2.36661,0.037213,2.81592,-0.0854621,9.2278
-0.0201952,0.449925,-0.0248755,-2.36662,0.0370754,2.81608,-0.085147,9.24971
-0.0202884,0.449957,-0.0247965,-2.36665,0.0374451,2.81621,-0.0854306,9.27111
-0.0203157,0.450004,-0.0247651,-2.3665,0.0370553,2.81578,-0.0861818,9.2929
-0.0203989,0.450113,-0.0246634,-2.36634,0.0374834,2.81561,-0.0858673,9.31493
-0.0204024,0.450147,-0.0246818,-2.36626,0.037757,2.81542,-0.0854462,9.33776
-0.020382,0.450201,-0.0247209,-2.36625,0.0374826,2.81543,-0.0858563,9.35981
-0.0202958,0.450216,-0.0247942,-2.3663,0.0368391,2.81554,-0.0862438,9.38059
-0.0202529,0.450239,-0.0248002,-2.36656,0.0372929,2.8163,-0.0851409,9.40286
-0.0202142,0.450309,-0.0248443,-2.36663,0.0372256,2.81666,-0.0850545,9.42594
-0.0201137,0.450353,-0.0249586,-2.36675,0.0366053,2.81708,-0.0855055,9.44762
-0.0200879,0.450388,-0.0250152,-2.36671,0.0366625,2.81707,-0.0853182,9.46845
-0.0201433,0.450487,-0.0249465,-2.36657,0.0369969,2.81691,-0.0849747,9.49102
-0.0202453,0.450546,-0.024837,-2.36643,0.0372301,2.81664,-0.0852575,9.5139
-0.0202892,0.450598,-0.0248154,-2.36638,0.0373236,2.81657,-0.0855645,9.53574
-0.0203302,0.450603,-0.0247665,-2.36643,0.0374947,2.81659,-0.085624,9.55728
-0.0203321,0.450683,-0.0247851,-2.36647,0.0374844,2.81693,-0.0858517,9.57918
-0.0203694,0.450694,-0.0247285,-2.36651,0.0376858,2.81693,-0.0857579,9.60156
-0.0203517,0.450744,-0.0247506,-2.36644,0.0373812,2.81672,-0.0860926,9.62321
-0.0203358,0.45077,-0.0247274,-2.36652,0.0374902,2.81692,-0.0856312,9.64524
-0.020266,0.450828,-0.0248026,-2.36659,0.0373659,2.81715,-0.0853561,9.66762
-0.020127,0.450897,-0.0249607,-2.36655,0.0365067,2.81721,-0.0857489,9.68898
-0.0200373,0.450943,-0.0250315,-2.36673,0.0366256,2.81784,-0.0848578,9.71082
-0.0201487,0.450948,-0.0248802,-2.36673,0.0369404,2.81778,-0.0850434,9.73287
-0.0202141,0.451051,-0.0248222,-2.36658,0.0370303,2.81765,-0.0853375,9.75559
-0.020319,0.451111,-0.0247215,-2.3665,0.0371783,2.8176,-0.0859435,9.7768
-0.0203838,0.451147,-0.0246307,-2.3665,0.0375874,2.81758,-0.0856373,9.79901
-0.0203852,0.451163,-0.0246497,-2.36651,0.0375139,2.8176,-0.0859144,9.82127
-0.0203654,0.451231,-0.0246928,-2.36647,0.03759,2.8176,-0.0857016,9.84356
-0.0203693,0.451258,-0.0246772,-2.36649,0.0374211,2.81766,-0.0860048,9.86494
-0.0203074,0.451327,-0.0247516,-2.3666,0.03743,2.8181,-0.0856534,9.88715
-0.0202277,0.451392,-0.0248514,-2.36642,0.0368532,2.8177,-0.0858963,9.90883
-0.0202412,0.451429,-0.024861,-2.36634,0.0360893,2.81754,-0.0874423,9.92793
-0.0202014,0.451446,-0.0248361,-2.3665,0.0364631,2.81804,-0.0862306,9.95049
-0.0201213,0.451502,-0.0249147,-2.36644,0.0361504,2.81799,-0.0860206,9.97358
-0.0199951,0.451551,-0.0250327,-2.36657,0.036434,2.8184,-0.0845019,9.99752
-0.0201174,0.45159,-0.0249203,-2.36664,0.036858,2.81872,-0.0849674,10.019
-0.0201479,0.451617,-0.0249197,-2.36677,0.036778,2.81908,-0.0857242,10.0407
-0.0202218,0.45166,-0.0248301,-2.36672,0.0370312,2.81896,-0.0857781,10.0626
-0.0201366,0.451694,-0.0248992,-2.36673,0.0366411,2.81903,-0.0856511,10.0847
-0.0200898,0.451705,-0.0249156,-2.36675,0.0367132,2.81902,-0.0849507,10.107
-0.0200112,0.451781,-0.0250046,-2.36672,0.0365106,2.81909,-0.0846556,10.1294
-0.0198353,0.451837,-0.025245,-2.36685,0.0358143,2.81956,-0.0849003,10.1509
-0.0197134,0.451908,-0.0253868,-2.36669,0.0353451,2.81922,-0.084607,10.1722
-0.019564,0.451925,-0.0255182,-2.36671,0.0349712,2.81921,-0.0838828,10.1944
-0.0195542,0.45199,-0.0255222,-2.3667,0.0352664,2.81923,-0.0832269,10.2172
-0.0196529,0.452016,-0.0253914,-2.36673,0.0354712,2.81931,-0.0835839,10.2395
-0.0198329,0.452098,-0.0252456,-2.36656,0.0358592,2.81907,-0.0844853,10.2607
-0.0200051,0.452098,-0.0250529,-2.36657,0.0364789,2.819,-0.0847836,10.2828
-0.0200886,0.452183,-0.0250017,-2.36639,0.0365242,2.81869,-0.0854248,10.3048
-0.0202504,0.452245,-0.0248283,-2.36617,0.0370495,2.81821,-0.0855871,10.3266
-0.0203503,0.452281,-0.0246962,-2.36617,0.0374667,2.81825,-0.0855343,10.3492
-0.0202746,0.452322,-0.0247835,-2.36626,0.0369,2.81853,-0.086078,10.3709
-0.0202162,0.452363,-0.0248524,-2.36638,0.0371709,2.81891,-0.0852849,10.3929
-0.020149,0.452433,-0.0249598,-2.36627,0.0368095,2.81877,-0.0854568,10.4148
-0.0200793,0.452488,-0.0250196,-2.36635,0.0364986,2.81911,-0.0854454,10.4368
-0.0200536,0.452557,-0.0250255,-2.36634,0.0366182,2.81923,-0.0848857,10.4589
-0.0200039,0.452646,-0.0251106,-2.36616,0.0363414,2.8189,-0.0849565,10.4809
-0.0199504,0.452753,-0.0251909,-2.36578,0.0358469,2.8181,-0.0850899,10.5026
-0.0199394,0.452817,-0.0252006,-2.36577,0.0362279,2.81811,-0.0842888,10.5249
-0.0199397,0.452856,-0.0251949,-2.36584,0.0362741,2.81834,-0.0842634,10.5476
-0.0200156,0.452908,-0.0251725,-2.36565,0.0355781,2.81798,-0.0863002,10.5672
-0.0198603,0.452896,-0.0253314,-2.36585,0.0346203,2.81851,-0.0869117,10.5869
-0.0198382,0.452931,-0.0252655,-2.36612,0.0365623,2.81925,-0.0830185,10.6128
-0.0199719,0.452981,-0.0251507,-2.36604,0.0365982,2.81911,-0.0841605,10.6368
-0.0200747,0.45302,-0.025081,-2.3659,0.0363082,2.81875,-0.0856194,10.6575
-0.020194,0.453113,-0.0249634,-2.36581,0.0369169,2.81868,-0.0854924,10.6777
-0.0202668,0.453193,-0.0248845,-2.36564,0.0370024,2.81836,-0.0857625,10.7002
-0.0202135,0.453234,-0.0249628,-2.36547,0.0365025,2.81786,-0.0861272,10.7227
-0.0202329,0.453302,-0.0249374,-2.36527,0.0364395,2.81741,-0.0861532,10.7434
-0.0202841,0.453309,-0.0248315,-2.36547,0.0372425,2.81793,-0.0850741,10.7664
-0.0203797,0.453356,-0.0247307,-2.36545,0.0370971,2.81787,-0.086139,10.7888
-0.0203085,0.453374,-0.0247879,-2.36573,0.036846,2.81863,-0.0862276,10.8105
-0.0203297,0.453406,-0.0247478,-2.36588,0.0372577,2.81911,-0.0857441,10.832
-0.0203361,0.453432,-0.0247415,-2.36598,0.0374951,2.81941,-0.08551,10.8551
-0.0202918,0.453466,-0.0248256,-2.36597,0.0371217,2.81934,-0.0860125,10.8773
-0.0203266,0.453534,-0.0247726,-2.36584,0.0370572,2.81913,-0.0861812,10.8981
-0.0203009,0.453583,-0.0247876,-2.36589,0.0372775,2.81934,-0.0855701,10.9204
-0.0202618,0.453666,-0.0248402,-2.3657,0.0367506,2.81903,-0.0860385,10.9425
-0.0202171,0.453728,-0.0248939,-2.36568,0.0369099,2.81904,-0.0853908,10.9648
-0.020157,0.453761,-0.0249585,-2.36577,0.036367,2.81932,-0.0859797,10.9857
-0.0201081,0.453803,-0.0249768,-2.36594,0.0365521,2.81986,-0.0852483,11.0082
-0.020101,0.453881,-0.0250314,-2.36571,0.0364329,2.81936,-0.0854073,11.0303
-0.0201402,0.453929,-0.0249658,-2.36571,0.0366049,2.81948,-0.0853043,11.0526
-0.0202248,0.453924,-0.0248643,-2.36585,0.0367635,2.81974,-0.0858296,11.074
-0.0203416,0.453974,-0.0247292,-2.36578,0.03698,2.81964,-0.0862968,11.0957
-0.020533,0.454083,-0.024568,-2.36537,0.0374225,2.81878,-0.0868927,11.1173
-0.0206788,0.454119,-0.0244042,-2.3653,0.0382367,2.81863,-0.0865231,11.1406
-0.0205928,0.454153,-0.0244644,-2.3656,0.0376035,2.81951,-0.0871316,11.1626
-0.0204728,0.454212,-0.0245867,-2.36578,0.0377026,2.82015,-0.0861297,11.1846
-0.0203179,0.454248,-0.0247778,-2.36574,0.0366936,2.82003,-0.0867565,11.2053
-0.0203594,0.454328,-0.0247299,-2.36562,0.0374019,2.81983,-0.0856673,11.2281
-0.020347,0.454357,-0.0247421,-2.36557,0.0370629,2.81966,-0.0861206,11.2506
-0.0203718,0.454426,-0.024722,-2.3655,0.0372782,2.81959,-0.0858984,11.2727
-0.0203681,0.45448,-0.0247327,-2.36549,0.0374407,2.81969,-0.0856125,11.2948
-0.0203603,0.45453,-0.024756,-2.36551,0.0372007,2.81986,-0.0861055,11.3165
-0.020315,0.454609,-0.024824,-2.36556,0.0371464,2.82019,-0.0860068,11.3384
-0.020267,0.454658,-0.0248763,-2.36555,0.0369244,2.82029,-0.0860132,11.3601
-0.020219,0.454699,-0.0249318,-2.36556,0.0369724,2.82036,-0.0855575,11.3825
-0.0201692,0.454736,-0.0249536,-2.36569,0.0366671,2.82073,-0.0856757,11.4045
-0.0201526,0.454764,-0.0249368,-2.36579,0.0368072,2.821,-0.0852056,11.4267
-0.0201067,0.454831,-0.0249991,-2.36558,0.0362854,2.82051,-0.0855932,11.4481
-0.0200794,0.454882,-0.0250303,-2.36537,0.0360979,2.81996,-0.0854674,11.4697
-0.0202094,0.454938,-0.0248748,-2.36518,0.0366747,2.8195,-0.0852008,11.4919
-0.0203045,0.454959,-0.0247949,-2.36525,0.0368223,2.81975,-0.0859648,11.5141
-0.0203825,0.455,-0.0247021,-2.3652,0.0370393,2.81968,-0.0861147,11.5362
-0.0203496,0.455008,-0.0247121,-2.36531,0.0369952,2.81996,-0.0859109,11.5582
-0.0203252,0.455074,-0.0247253,-2.3654,0.0371837,2.82036,-0.085412,11.5806
-0.0205595,0.455197,-0.0244858,-2.36513,0.0373613,2.81985,-0.0868244,11.6013
-0.0208054,0.455265,-0.024261,-2.36511,0.0378083,2.81999,-0.0883025,11.622
-0.0207859,0.455343,-0.024249,-2.36528,0.0382868,2.82064,-0.0873021,11.6458
-0.0206762,0.455371,-0.024346,-2.36533,0.0378952,2.82078,-0.0870333,11.6685
-0.020787,0.455411,-0.0242431,-2.3652,0.0382563,2.82042,-0.0872552,11.6894
-0.0208357,0.455488,-0.0242067,-2.36516,0.0381509,2.82045,-0.0879088,11.711
-0.020784,0.455535,-0.0242358,-2.36524,0.0383188,2.82078,-0.0871292,11.7343
-0.0209018,0.455559,-0.024115,-2.36528,0.0385496,2.82091,-0.0877835,11.7555
-0.0208283,0.455627,-0.0241852,-2.36525,0.0383235,2.82096,-0.0875059,11.778
-0.0208797,0.4557,-0.0241245,-2.36507,0.0385533,2.82056,-0.0872762,11.8
-0.0209197,0.455749,-0.0240892,-2.36492,0.0387711,2.82018,-0.0870926,11.8225
-0.0208671,0.455726,-0.0241494,-2.36506,0.0383829,2.82046,-0.087542,11.8443
-0.0208048,0.455786,-0.0242178,-2.36496,0.037735,2.82028,-0.0880803,11.8647
-0.0206779,0.455823,-0.0242944,-2.36511,0.0379376,2.82075,-0.0864955,11.8877
-0.0205456,0.455824,-0.0244339,-2.36535,0.0377542,2.8213,-0.0859935,11.9109
-0.0204543,0.455822,-0.0245339,-2.36545,0.0372437,2.82142,-0.0862711,11.9326
-0.0203915,0.455916,-0.0246253,-2.36532,0.0371902,2.82126,-0.0858496,11.954
-0.0206192,0.455961,-0.0243947,-2.36532,0.0375081,2.82137,-0.0872706,11.9743
-0.0206977,0.455973,-0.0242976,-2.36553,0.038109,2.82194,-0.0870258,11.9978
-0.0208311,0.456054,-0.0241781,-2.36529,0.0380731,2.82143,-0.0880784,12.0193
-0.0207765,0.456073,-0.0242149,-2.36536,0.0381677,2.82157,-0.0874081,12.0415
-0.0207766,0.456098,-0.0241848,-2.36538,0.0385336,2.82165,-0.0866034,12.0644
-0.0207545,0.456102,-0.0242158,-2.36535,0.0382961,2.82148,-0.0868422,12.0868
-0.020808,0.456115,-0.0241668,-2.36536,0.0379758,2.8215,-0.0879376,12.107
-0.0206149,0.45617,-0.024388,-2.36524,0.0372646,2.82126,-0.0875508,12.1285
-0.0204524,0.456234,-0.0245084,-2.36533,0.0373116,2.82165,-0.0859043,12.1518
-0.0204113,0.456309,-0.0245836,-2.36533,0.037007,2.82181,-0.0863008,12.1736
-0.0203892,0.456386,-0.0246292,-2.36526,0.0372495,2.82185,-0.0857476,12.1964
-0.0203923,0.456439,-0.0246545,-2.36519,0.0371876,2.82181,-0.0859786,12.2182
-0.0205135,0.456505,-0.0245294,-2.36502,0.0375087,2.82138,-0.086242,12.2399
-0.0205384,0.456541,-0.0245052,-2.36491,0.0374288,2.82102,-0.0864767,12.262
-0.0205003,0.456577,-0.0245394,-2.36501,0.0373564,2.82136,-0.0863811,12.284
-0.0204873,0.456638,-0.0245405,-2.36508,0.0374765,2.82173,-0.0860754,12.3061
-0.0204021,0.456643,-0.0246238,-2.36526,0.0370913,2.82222,-0.08623,12.328
-0.0203098,0.45671,-0.0247208,-2.36503,0.0361514,2.82171,-0.0868794,12.3485
-0.0202767,0.456778,-0.0247271,-2.36485,0.0365813,2.82129,-0.0854459,12.3709
-0.0200534,0.456797,-0.0249783,-2.3649,0.034919,2.82143,-0.0867095,12.3918
-0.0200532,0.456868,-0.0249539,-2.36481,0.0353109,2.82125,-0.0857525,12.4134
-0.0200839,0.456955,-0.0248762,-2.36485,0.036264,2.8215,-0.0840879,12.4379
-0.0201304,0.45701,-0.0248456,-2.3648,0.0359323,2.82143,-0.0851501,12.4607
-0.0201419,0.457078,-0.0248392,-2.36486,0.0360869,2.82175,-0.0850856,12.482
-0.0201788,0.45717,-0.0248022,-2.3648,0.0362519,2.8218,-0.085051,12.5033
-0.020269,0.457202,-0.024746,-2.36478,0.0362326,2.82174,-0.0860694,12.5248
-0.0204158,0.457271,-0.0245927,-2.36469,0.0370449,2.82168,-0.0857554,12.5477
-0.0205744,0.457327,-0.0244602,-2.36454,0.0376192,2.82137,-0.0861057,12.5703
